LINE_NO,LATITUDE,LONGITUDE,DATETIME,ELEVATION,Collar_ID,TEMP
7,38.9651056,-104.7199802,40536.00,2085.15,2925,12
21,38.9868929,-104.885313,40542.50,2109.06,2925,8
22,38.991531,-104.8809387,40542.75,2102.16,2925,-6
23,38.9897595,-104.8835021,40543.00,2114.72,2925,-10
24,38.9897322,-104.8834069,40543.25,2112.11,2925,-11
25,38.9897872,-104.8822524,40543.50,2085.5,2925,-5
26,38.9891388,-104.8861632,40543.75,2104.51,2925,-11
27,38.9920175,-104.8790876,40544.00,2091.05,2925,-12
28,38.9913257,-104.8773628,40544.25,2076.28,2925,-10
29,38.9865838,-104.8777641,40544.50,2087.89,2925,-1
30,38.9883468,-104.8810152,40544.75,2084.43,2925,-6
31,38.9882187,-104.8809648,40545.00,2094.05,2925,-4
32,38.9881984,-104.8810324,40545.25,2088.9,2925,-2
33,38.9873654,-104.8851609,40545.50,2095.1,2925,8
34,38.9835189,-104.8871351,40545.75,2203.25,2925,3
35,38.9839635,-104.8871583,40546.00,2153.37,2925,1
36,38.9863873,-104.88311,40546.25,2151.41,2925,2
37,38.984606,-104.881155,40546.50,2130.38,2925,12
38,38.9869482,-104.8878936,40546.75,2133.27,2925,-2
39,38.9864155,-104.8862834,40547.00,2134.84,2925,-3
40,38.9943591,-104.8769751,40547.25,2125.84,2925,-6
41,38.9944651,-104.8772567,40547.50,2122.42,2925,6
42,38.994414,-104.8759233,40547.75,2126.25,2925,2
43,38.9884164,-104.8810749,40548.00,2125.74,2925,1
45,38.9859043,-104.8809704,40548.50,2119.14,2925,14
46,38.9827759,-104.8839358,40548.75,2141.48,2925,2
47,38.9819867,-104.8854315,40549.00,2124.19,2925,2
48,38.9837008,-104.8868372,40549.25,2124.24,2925,4
49,38.9843646,-104.8878121,40549.50,2155.56,2925,13
51,38.9923805,-104.8901306,40550.00,2154.09,2925,8
52,38.9923985,-104.8900623,40550.25,2164.34,2925,7
53,38.9895579,-104.8889127,40550.50,2175.76,2925,13
54,38.9864815,-104.8882665,40550.75,2170.27,2925,1
55,38.9866999,-104.8884944,40551.00,2159.39,2925,2
56,38.9866736,-104.8881742,40551.25,2166.17,2925,2
57,38.9877278,-104.886105,40551.50,2142.34,2925,13
58,38.9899384,-104.8910859,40551.75,2199.85,2925,5
59,38.9900916,-104.8912471,40552.00,2201.09,2925,6
60,38.9909258,-104.8924886,40552.25,2201.07,2925,2
61,38.9915271,-104.8815484,40552.50,2126.53,2925,2
62,38.9932233,-104.8751118,40552.75,2124.3,2925,-5
63,38.9937784,-104.8707262,40553.00,2065.64,2925,-8
64,38.9924882,-104.8718681,40553.25,2056.67,2925,-8
65,38.9938486,-104.8762541,40553.50,2071.9,2925,4
66,38.9935066,-104.877726,40553.75,2064.78,2925,-8
67,38.9927216,-104.8772236,40554.00,2089.82,2925,-10
68,38.9912084,-104.877889,40554.25,2065.35,2925,-8
69,38.9850014,-104.8799774,40554.50,2119.04,2925,7
70,38.9832456,-104.8836536,40554.75,2116.76,2925,-7
71,38.9846967,-104.8841061,40555.00,2127.47,2925,-10
73,38.9940445,-104.8841171,40555.50,2146.75,2925,16
74,38.9890823,-104.8937947,40555.75,2188.56,2925,-2
76,38.9862658,-104.8845346,40556.25,2118.81,2925,6
77,38.9846031,-104.8841633,40556.50,2110.11,2925,14
80,38.989193,-104.8941865,40557.25,2219.46,2925,4
81,38.9939347,-104.8860886,40557.50,2171.34,2925,11
82,38.9883028,-104.8875912,40557.75,2171.53,2925,4
83,38.9888691,-104.8945828,40558.00,2219.4,2925,3
84,38.9906274,-104.8991937,40558.25,2221.35,2925,8
85,38.9867066,-104.8919187,40558.50,2210.93,2925,11
87,38.9883898,-104.8866982,40559.00,2118.27,2925,3
88,38.9887404,-104.8849558,40559.25,2119.44,2925,3
89,38.9828098,-104.8802279,40559.50,2122.51,2925,10
90,38.9895884,-104.8807609,40559.75,2087.34,2925,9
91,38.9883134,-104.8816135,40560.00,2085.84,2925,12
92,38.9896699,-104.8808262,40560.25,2087.28,2925,9
93,38.9909639,-104.8792354,40560.50,2084.59,2925,13
94,38.9927681,-104.8751676,40560.75,2085.03,2925,8
95,38.9896225,-104.8808315,40561.00,2085.84,2925,4
96,38.9857183,-104.8766152,40561.25,2106.51,2925,4
98,38.9847289,-104.889715,40561.75,2126.24,2925,6
99,38.983895,-104.8879214,40562.00,2132.57,2925,4
100,38.9811321,-104.8832487,40562.25,2131.78,2925,0
101,38.9810459,-104.8798503,40562.50,2132.49,2925,9
102,38.9899039,-104.8823484,40562.75,2110.81,2925,-5
103,38.9941903,-104.8748583,40563.00,2117.2,2925,-8
104,38.9941213,-104.8764869,40563.25,2113.96,2925,-6
105,38.9858122,-104.879235,40563.50,2112.69,2925,3
106,38.9834866,-104.8815784,40563.75,2107.54,2925,-4
108,38.9880671,-104.8814905,40564.25,2105.32,2925,3
109,38.9895973,-104.8824237,40564.50,2106.78,2925,9
110,38.9945078,-104.8748632,40564.75,2108.62,2925,2
111,38.9945524,-104.8753992,40565.00,2123.17,2925,0
112,38.9896072,-104.8776358,40565.25,2122.9,2925,5
113,38.9881728,-104.8814839,40565.50,2122.61,2925,11
114,38.9860583,-104.8755173,40565.75,2121.86,2925,1
116,38.9929822,-104.8768951,40566.25,2120.83,2925,-3
118,38.9890651,-104.8874872,40566.75,2138.46,2925,3
119,38.9884749,-104.8845949,40567.00,2136.79,2925,4
120,38.9899508,-104.8866639,40567.25,2137.76,2925,0
122,38.9914684,-104.8881274,40567.75,2171.14,2925,-3
123,38.9912501,-104.8896313,40568.00,2186.78,2925,-7
124,38.9899955,-104.8928399,40568.25,2190.42,2925,-5
125,38.9842691,-104.8838797,40568.50,2128.92,2925,11
126,38.9910867,-104.8832591,40568.75,2145.62,2925,2
129,38.9906472,-104.8802678,40569.50,2143.94,2925,12
130,38.9855984,-104.8866814,40569.75,2119.78,2925,0
131,38.988367,-104.887871,40570.00,2115.04,2925,3
133,38.9841396,-104.8909653,40570.50,2119.66,2925,13
134,38.9842298,-104.8839295,40570.75,2129.54,2925,7
135,38.982646,-104.8846196,40571.00,2143.41,2925,4
136,38.9897637,-104.8807173,40571.25,2136.41,2925,7
137,38.9842756,-104.8775891,40571.50,2104.19,2925,17
138,38.9845397,-104.8809572,40571.75,2117.23,2925,10
139,38.9830248,-104.8847842,40572.00,2118.44,2925,3
140,38.9817671,-104.8853217,40572.25,2130.49,2925,11
141,38.9886232,-104.8890238,40572.50,2140.29,2925,21
142,38.9903583,-104.8865806,40572.75,2169.26,2925,4
143,38.9859769,-104.8875191,40573.00,2167.99,2925,-1
144,38.985999,-104.8875434,40573.25,2134.75,2925,3
145,38.9891732,-104.8888488,40573.50,2137.95,2925,11
146,38.9891145,-104.8941894,40573.75,2211.16,2925,1
148,38.9857281,-104.8805015,40574.25,2114.7,2925,-1
150,38.9946744,-104.8730145,40574.75,2112.78,2925,-10
151,38.9943615,-104.8734169,40575.00,2111.2,2925,-13
152,38.993432,-104.8736814,40575.25,2102.03,2925,-19
153,38.9946544,-104.8722561,40575.50,2088.52,2925,-11
154,38.9935136,-104.8739198,40575.75,2084.48,2925,-19
155,38.9930763,-104.8762778,40576.00,2077.72,2925,-17
156,38.9918645,-104.8791961,40576.25,2081.84,2925,-10
157,38.9844626,-104.8807842,40576.50,2127.8,2925,-4
158,38.9822308,-104.8701958,40576.75,2152.69,2925,-15
159,38.9837079,-104.8744878,40577.00,2142.34,2925,-10
160,38.9843653,-104.8748201,40577.25,2122.08,2925,-6
161,38.988203,-104.8818019,40577.50,2112.11,2925,3
162,38.9910106,-104.8826554,40577.75,2111.57,2925,-1
163,38.9888557,-104.8845462,40578.00,2116.33,2925,0
164,38.9907665,-104.885509,40578.25,2119.62,2925,0
165,38.9901141,-104.8857896,40578.50,2118.53,2925,8
166,38.990437,-104.8844361,40578.75,2139.4,2925,3
167,38.9909152,-104.8904175,40579.00,2137.37,2925,0
168,38.9880766,-104.8810975,40579.25,2135.8,2925,6
170,38.9880472,-104.8864176,40579.75,2135.07,2925,0
172,38.9892752,-104.8831175,40580.25,2122.35,2925,-3
173,38.9923054,-104.8776476,40580.50,2084.93,2925,2
174,38.9935272,-104.8762576,40580.75,2101.69,2925,-3
175,38.9845663,-104.8824182,40581.00,2097.68,2925,-11
176,38.9814731,-104.8852413,40581.25,2097.7,2925,-5
177,38.9782204,-104.8808008,40581.50,2160.97,2925,8
178,38.9889657,-104.8880315,40581.75,2161.64,2925,1
179,38.987888,-104.8819789,40582.00,2099.7,2925,-4
180,38.9911695,-104.8778089,40582.25,2075.46,2925,-10
181,38.9918166,-104.879669,40582.50,2099.54,2925,-8
182,38.9906652,-104.8833424,40582.75,2112.86,2925,-11
183,38.9901308,-104.8861049,40583.00,2148.02,2925,-13
184,38.989829,-104.8877464,40583.25,2173.54,2925,-13
185,38.9880495,-104.8863398,40583.50,2172.9,2925,-3
186,38.9801712,-104.886243,40583.75,2171.45,2925,-10
187,38.984466,-104.8821987,40584.00,2160.71,2925,-5
188,38.979748,-104.8862447,40584.25,2162.75,2925,-7
190,38.989561,-104.8883879,40584.75,2165.8,2925,-4
191,38.9892498,-104.8878707,40585.00,2154.45,2925,-3
192,38.9887156,-104.884719,40585.25,2151.45,2925,-1
193,38.9901852,-104.8842215,40585.50,2151.68,2925,9
194,38.989163,-104.8904092,40585.75,2188.62,2925,0
195,38.9940652,-104.8915763,40586.00,2189.99,2925,3
196,38.9859298,-104.8899703,40586.25,2187.17,2925,5
197,38.986226,-104.8902926,40586.50,2168.77,2925,13
198,38.9896497,-104.8934919,40586.75,2201.31,2925,4
199,38.9896031,-104.8948886,40587.00,2217.24,2925,5
200,38.9966896,-104.8871686,40587.25,2211.42,2925,5
201,38.9891496,-104.8850426,40587.50,2134.83,2925,20
202,38.9861868,-104.8871508,40587.75,2136.01,2925,8
203,38.9899594,-104.892898,40588.00,2212.86,2925,1
204,38.9890841,-104.8921069,40588.25,2210.57,2925,3
205,38.9888078,-104.8910524,40588.50,2202.38,2925,14
206,38.9896486,-104.8929427,40588.75,2206.22,2925,2
207,38.9900196,-104.8931076,40589.00,2220.5,2925,4
209,38.9837054,-104.8867762,40589.50,2225.34,2925,19
211,38.9831054,-104.883981,40590.00,2147.13,2925,4
212,38.9883325,-104.8849279,40590.25,2124.54,2925,11
213,38.9865827,-104.8855117,40590.50,2123.01,2925,15
214,38.9841795,-104.881725,40590.75,2098.29,2925,11
215,38.9850344,-104.8804419,40591.00,2122.46,2925,9
216,38.9841137,-104.8775152,40591.25,2140.7,2925,6
217,38.9856643,-104.8799108,40591.50,2131.4,2925,16
218,38.9833959,-104.8873644,40591.75,2131.1,2925,6
220,38.984231,-104.8905759,40592.25,2130.97,2925,1
221,38.9802692,-104.8860539,40592.50,2129.39,2925,5
222,38.9831145,-104.8822439,40592.75,2120.44,2925,3
223,38.9784137,-104.8864833,40593.00,2163.06,2925,6
224,38.9786758,-104.8850177,40593.25,2160.48,2925,1
225,38.9845938,-104.8822967,40593.50,2151.13,2925,18
226,38.9864869,-104.882749,40593.75,2096.42,2925,7
227,38.9889992,-104.8874189,40594.00,2141.16,2925,5
228,38.9893452,-104.8855084,40594.25,2122.29,2925,3
229,38.9853958,-104.881259,40594.50,2112.61,2925,9
230,38.9911402,-104.8818563,40594.75,2112.86,2925,3
231,38.9895971,-104.8807804,40595.00,2109.99,2925,-2
232,38.9886454,-104.8822913,40595.25,2111.81,2925,0
234,38.9855783,-104.8807914,40595.75,2109.82,2925,4
235,38.9832569,-104.8840484,40596.00,2137.46,2925,-2
237,38.9787456,-104.8742592,40596.50,2138.17,2925,12
238,38.9823743,-104.8797282,40596.75,2137.77,2925,6
239,38.9853371,-104.8798643,40597.00,2136.55,2925,5
240,38.9850011,-104.8802101,40597.25,2136.57,2925,3
241,38.9865802,-104.8799407,40597.50,2136.07,2925,13
242,38.9871928,-104.8696295,40597.75,2134.68,2925,6
244,38.9864175,-104.8688169,40598.25,2115.48,2925,2
246,38.9844728,-104.8795118,40598.75,2121.63,2925,2
247,38.982453,-104.8799086,40599.00,2114.25,2925,-3
248,38.9813811,-104.8781316,40599.25,2102.38,2925,-5
250,38.9891663,-104.884129,40599.75,2103.93,2925,-2
251,38.9891687,-104.8849101,40600.00,2102,2925,-3
254,38.9840453,-104.8888732,40600.75,2102.41,2925,7
255,38.9866133,-104.8901663,40601.00,2101.33,2925,8
256,38.9850525,-104.8899878,40601.25,2166.07,2925,5
257,38.9825568,-104.8871429,40601.50,2163.6,2925,10
258,38.9893495,-104.8884794,40601.75,2153.5,2925,4
259,38.9894813,-104.8906854,40602.00,2181.5,2925,-1
261,38.9811043,-104.8834259,40602.50,2079.96,2925,12
263,38.9837903,-104.8817992,40603.00,2137.39,2925,2
264,38.9836925,-104.8814737,40603.25,2134.92,2925,4
265,38.9809342,-104.8844111,40603.50,2127.15,2925,19
266,38.9779414,-104.874693,40603.75,2129.32,2925,12
267,38.9838523,-104.8815115,40604.00,2138.43,2925,4
268,38.9842542,-104.8813122,40604.25,2157.99,2925,1
269,38.9859263,-104.8794685,40604.50,2135.19,2925,19
270,38.990499,-104.8844985,40604.75,2138.84,2925,11
271,38.988636,-104.8851983,40605.00,2138.54,2925,7
273,38.9860839,-104.8890254,40605.50,2151.71,2925,19
274,38.9864818,-104.8880255,40605.75,2151.17,2925,10
275,38.9880384,-104.8866533,40606.00,2150.58,2925,6
276,38.9913316,-104.8895054,40606.25,2151.76,2925,3
278,38.9935149,-104.8758427,40606.75,2084.3,2925,3
280,38.9937827,-104.8789249,40607.25,2082.53,2925,-4
281,38.9861609,-104.8902158,40607.50,2130.02,2925,10
282,38.9885649,-104.8904069,40607.75,2130.8,2925,4
283,38.9884428,-104.8847436,40608.00,2131.66,2925,5
285,38.9863273,-104.8877149,40608.50,2137.4,2925,16
287,38.9891726,-104.8850909,40609.00,2131.67,2925,4
288,38.99019,-104.8857674,40609.25,2144.67,2925,1
290,38.9840308,-104.8769565,40609.75,2147.31,2925,-1
292,38.9851545,-104.8687812,40610.25,2147.31,2925,0
294,38.9828344,-104.8713689,40610.75,2160.48,2925,0
295,38.9817901,-104.8726934,40611.00,2167.07,2925,-1
296,38.9845928,-104.8746182,40611.25,2167.16,2925,1
297,38.9905814,-104.8786634,40611.50,2079.85,2925,16
298,38.9934785,-104.8764552,40611.75,2084.52,2925,8
299,38.9943105,-104.8760709,40612.00,2080.05,2925,2
301,38.9855558,-104.8753435,40612.50,2079.53,2925,19
302,38.9866579,-104.8720903,40612.75,2080.91,2925,12
303,38.9866705,-104.8719469,40613.00,2087.12,2925,8
305,38.9871824,-104.8803509,40613.50,2093.19,2925,20
307,38.9840255,-104.8776353,40614.00,2092.4,2925,5
309,38.9778115,-104.8707088,40614.50,2091.51,2925,16
310,38.9823276,-104.8715642,40614.75,2098.08,2925,10
312,38.9850575,-104.8742895,40615.25,2111.35,2925,3
314,38.9903606,-104.8870738,40615.75,2122.85,2925,7
315,38.987563,-104.8936412,40616.00,2236.48,2925,1
316,38.9858459,-104.8877504,40616.25,2184.37,2925,4
317,38.9870152,-104.879975,40616.50,2190.83,2925,18
318,38.9851797,-104.8824051,40616.75,2188.36,2925,11
319,38.9880019,-104.8824411,40617.00,2106.32,2925,10
320,38.9850261,-104.8761284,40617.25,2128.37,2925,3
321,38.9869824,-104.8722926,40617.50,2125.4,2925,14
323,38.9844719,-104.8733797,40618.00,2124.94,2925,6
324,38.9872181,-104.8769524,40618.25,2124.85,2925,12
325,38.9880778,-104.877388,40618.50,2124.51,2925,22
326,38.984971,-104.8798057,40618.75,2123.21,2925,17
327,38.9839118,-104.8811265,40619.00,2135.03,2925,12
329,38.9835574,-104.8869853,40619.50,2134.38,2925,23
330,38.9849552,-104.879953,40619.75,2130.15,2925,11
331,38.988128,-104.8716499,40620.00,2092.2,2925,5
332,38.9829124,-104.8635327,40620.25,2084.6,2925,0
334,38.9775072,-104.8669012,40620.75,2079.22,2925,8
335,38.9771533,-104.8640473,40621.00,2088.05,2925,4
336,38.9807796,-104.8764116,40621.25,2103.86,2925,-1
337,38.9841889,-104.8778151,40621.50,2101.77,2925,19
339,38.9842834,-104.8837497,40622.00,2139.67,2925,11
340,38.981553,-104.8872801,40622.25,2136.02,2925,9
343,38.9838414,-104.887327,40624.25,2136.75,2925,5
344,38.9892551,-104.8828617,40624.50,2107.64,2925,14
345,38.9887767,-104.8806449,40624.75,2108.11,2925,7
346,38.9882236,-104.8806468,40625.00,2107.7,2925,3
347,38.9861479,-104.8803844,40625.25,2106.37,2925,1
348,38.9873527,-104.8775385,40625.50,2106.39,2925,16
349,38.9869819,-104.8719636,40625.75,2073.01,2925,11
350,38.9862835,-104.8704652,40626.00,2083.01,2925,3
352,38.9873965,-104.8642047,40626.50,2074.94,2925,10
353,38.984432,-104.8747129,40626.75,2112.92,2925,7
354,38.985197,-104.8749962,40627.00,2112.87,2925,6
355,38.9855012,-104.8774656,40627.25,2110.86,2925,4
356,38.9857139,-104.8755428,40627.50,2110.29,2925,16
357,38.9851672,-104.8796472,40627.75,2112.19,2925,12
358,38.9885957,-104.8847011,40628.00,2128.17,2925,7
361,38.9823983,-104.8797162,40628.75,2124.94,2925,7
362,38.9848277,-104.8766384,40629.00,2126.98,2925,5
363,38.9919495,-104.8770145,40629.25,2078.12,2925,3
364,38.989073,-104.8821637,40629.50,2078.57,2925,6
365,38.9879725,-104.8869087,40629.75,2097.64,2925,8
367,38.984803,-104.8840725,40630.25,2116.07,2925,1
369,38.9944597,-104.8736948,40630.75,2113.62,2925,7
370,38.9944182,-104.8780773,40631.00,2114.55,2925,4
371,38.9975278,-104.8814987,40631.25,2110.76,2925,1
373,38.9869534,-104.8704871,40631.75,2103.94,2925,6
374,38.9861818,-104.8709203,40632.00,2103.32,2925,2
375,38.9877001,-104.873512,40632.25,2088.91,2925,0
378,38.9854501,-104.8842153,40633.00,2089.27,2925,11
379,38.9856553,-104.884453,40633.25,2088.14,2925,10
380,38.9901643,-104.8807003,40633.50,2089.39,2925,24
383,38.9878375,-104.8849822,40634.25,2092.31,2925,5
385,38.9852689,-104.8807323,40634.75,2126.85,2925,13
387,38.9814531,-104.8816803,40635.25,2127.47,2925,10
388,38.9801704,-104.8877736,40635.50,2130.23,2925,26
389,38.9839306,-104.8855016,40635.75,2129.27,2925,20
390,38.9850702,-104.8803631,40636.00,2128.67,2925,17
391,38.9857887,-104.8831429,40636.25,2123.87,2925,12
393,38.9918293,-104.8718725,40636.75,2070.78,2925,0
394,38.9946435,-104.8726888,40637.00,2096.36,2925,-2
395,38.99446,-104.8731283,40637.25,2100.87,2925,-3
396,38.9865041,-104.8759472,40637.50,2106.78,2925,15
397,38.9772414,-104.8666847,40637.75,2106.15,2925,9
398,38.9770937,-104.8671114,40638.00,2104.18,2925,6
399,38.9812636,-104.8626655,40638.25,2085.12,2925,8
402,38.9793969,-104.8683413,40639.00,2085.36,2925,13
403,38.9836788,-104.8643896,40639.25,2084.34,2925,7
404,38.9810506,-104.8584126,40639.50,2082.56,2925,17
405,38.9780272,-104.8539657,40639.75,2074.62,2925,12
406,38.9790472,-104.8583081,40640.00,2061.81,2925,4
407,38.9777849,-104.8631177,40640.25,2084.03,2925,6
409,38.9770791,-104.8644389,40640.75,2082.33,2925,14
410,38.977297,-104.8668889,40641.00,2090.57,2925,11
411,38.9792717,-104.8727372,40641.25,2097.78,2925,9
413,38.9847512,-104.8674596,40641.75,2094.56,2925,17
414,38.985227,-104.8726639,40642.00,2102.4,2925,12
415,38.9870816,-104.8766497,40642.25,2094.3,2925,6
417,38.9810625,-104.8826926,40642.75,2098.41,2925,14
418,38.9840381,-104.8816659,40643.00,2130.42,2925,8
420,38.9892283,-104.8829145,40643.50,2108.13,2925,16
421,38.9912568,-104.873591,40643.75,2104.81,2925,8
422,38.9955932,-104.8823848,40644.00,2136.14,2925,0
423,38.994804,-104.883722,40644.25,2155.4,2925,2
425,38.9843483,-104.8780733,40644.75,2153.02,2925,14
426,38.9857108,-104.8731865,40645.00,2152.04,2925,6
427,38.9867535,-104.8764946,40645.25,2094.82,2925,7
429,38.9893528,-104.888665,40645.75,2126.02,2925,14
430,38.991399,-104.8894719,40646.00,2156.82,2925,9
431,38.9890374,-104.8889881,40646.25,2172.47,2925,4
433,38.994766,-104.8809206,40646.75,2170.15,2925,10
434,38.9946045,-104.8749792,40647.00,2128.73,2925,5
435,38.9945668,-104.8761239,40647.25,2125.96,2925,5
436,38.9917883,-104.8792201,40647.50,2105,2925,11
437,38.9945022,-104.8720407,40647.75,2095.08,2925,9
438,38.9943066,-104.8725924,40648.00,2096.49,2925,1
441,38.9949638,-104.8725807,40648.75,2095.34,2925,11
442,38.983197,-104.8845552,40649.00,2129.79,2925,4
443,38.9879826,-104.8859881,40649.25,2139.16,2925,7
445,38.9905956,-104.8855434,40649.75,2139.89,2925,15
446,38.9904914,-104.8899394,40650.00,2179.62,2925,6
447,38.9913416,-104.885813,40650.25,2179,2925,7
449,38.994587,-104.8832977,40650.75,2148.61,2925,20
450,38.9950103,-104.8815989,40651.00,2142.99,2925,9
451,38.9908237,-104.8858273,40651.25,2151.5,2925,10
453,38.9845009,-104.8849913,40651.75,2124.13,2925,18
454,38.9904943,-104.8805515,40652.00,2101.33,2925,5
455,38.9874123,-104.8821947,40652.25,2096.61,2925,7
456,38.9838817,-104.8790995,40652.50,2096.23,2925,17
457,38.9917755,-104.8796066,40652.75,2101.99,2925,13
458,38.9844799,-104.8783277,40653.00,2103.17,2925,9
459,38.986187,-104.8822766,40653.25,2107.37,2925,7
460,38.9850741,-104.8837751,40653.50,2124.96,2925,10
461,38.9837634,-104.8788375,40653.75,2120.43,2925,9
462,38.9851689,-104.8806037,40654.00,2116.72,2925,4
463,38.9906571,-104.8847802,40654.25,2160.06,2925,4
465,38.9851767,-104.8860086,40654.75,2153.79,2925,18
466,38.9879754,-104.8867418,40655.00,2152.87,2925,10
467,38.9866468,-104.8911388,40655.25,2157.14,2925,6
469,38.994229,-104.8874025,40655.75,2167.52,2925,14
470,38.9868564,-104.8825008,40656.00,2123.61,2925,10
471,38.9905364,-104.882444,40656.25,2122.58,2925,5
472,38.9839467,-104.8775353,40656.50,2122.29,2925,10
473,38.9840175,-104.878896,40656.75,2123.7,2925,6
474,38.9842527,-104.8788401,40657.00,2123.22,2925,4
475,38.9798705,-104.8739088,40657.25,2115.74,2925,3
476,38.9774057,-104.8595723,40657.50,2115.4,2925,8
477,38.9811841,-104.8643289,40657.75,2091.26,2925,6
478,38.9853945,-104.8659383,40658.00,2079.41,2925,9
479,38.9936349,-104.874075,40658.25,2085.33,2925,4
481,38.9839791,-104.8793656,40658.75,2103.54,2925,10
482,38.9910366,-104.8894711,40659.00,2109.58,2925,5
483,38.9896719,-104.8902218,40659.25,2107.67,2925,4
486,38.9916234,-104.8778549,40660.00,2106.97,2925,3
487,38.9873072,-104.8822729,40660.25,2109.45,2925,2
488,38.9871126,-104.8799594,40660.50,2105.94,2925,8
489,38.9861621,-104.8882714,40660.75,2104.43,2925,10
490,38.9843757,-104.8861091,40661.00,2104.75,2925,5
491,38.9857204,-104.8869228,40661.25,2104.63,2925,12
492,38.9878172,-104.8829184,40661.50,2099.87,2925,18
493,38.9851229,-104.8796486,40661.75,2097.6,2925,17
494,38.9826821,-104.8855809,40662.00,2093.95,2925,8
495,38.9839517,-104.8873075,40662.25,2124.79,2925,16
497,38.9881471,-104.885076,40662.75,2130.9,2925,11
498,38.9925447,-104.8718369,40663.00,2064.82,2925,4
499,38.9874048,-104.8792297,40663.25,2062.67,2925,6
500,38.9900919,-104.8777836,40663.50,2064.36,2925,12
501,38.991368,-104.87526,40663.75,2065.72,2925,7
502,38.9939226,-104.8766366,40664.00,2128.5,2925,3
503,38.9922982,-104.8869786,40664.25,2171.74,2925,3
504,38.9921634,-104.8825828,40664.50,2150.49,2925,10
505,38.9903275,-104.8891955,40664.75,2181.44,2925,6
506,38.9905627,-104.8912111,40665.00,2198.44,2925,3
507,38.9939335,-104.8855372,40665.25,2192.17,2925,2
509,38.984552,-104.8836947,40665.75,2156.86,2925,8
512,38.9866266,-104.8808321,40666.50,2086.79,2925,18
513,38.9823195,-104.8807119,40666.75,2100.77,2925,16
514,38.9860818,-104.8868832,40667.00,2118.63,2925,9
515,38.9912361,-104.8861658,40667.25,2126.72,2925,11
517,38.9931565,-104.8732604,40667.75,2128.69,2925,14
518,38.9868227,-104.8720056,40668.00,2101.21,2925,4
519,38.9862149,-104.8753677,40668.25,2103.55,2925,6
521,38.9855736,-104.8750858,40668.75,2104.11,2925,18
522,38.9864569,-104.8745313,40669.00,2100.53,2925,9
524,38.9921758,-104.8775177,40669.50,2102.71,2925,27
525,38.9897899,-104.882642,40669.75,2102.61,2925,23
526,38.9884357,-104.8795049,40670.00,2084.95,2925,13
529,38.9879343,-104.8853537,40670.75,2085.4,2925,24
530,38.9869846,-104.8828066,40671.00,2086.95,2925,18
531,38.9884556,-104.8862292,40671.25,2115.6,2925,16
532,38.9867912,-104.884306,40671.50,2116.66,2925,27
533,38.9858696,-104.8854633,40671.75,2149.33,2925,22
534,38.9849021,-104.8835219,40672.00,2140.61,2925,14
535,38.9874874,-104.8824965,40672.25,2106.98,2925,15
537,38.9884306,-104.8851834,40672.75,2106.32,2925,20
538,38.9886153,-104.885569,40673.00,2106.4,2925,12
539,38.9913532,-104.8864879,40673.25,2177.41,2925,14
541,38.9932167,-104.8857568,40673.75,2180.83,2925,17
542,38.9909496,-104.8829956,40674.00,2178.74,2925,13
543,38.9907777,-104.8795009,40674.25,2176.89,2925,5
544,38.9918111,-104.879194,40674.50,2178.16,2925,6
545,38.9940968,-104.8738503,40674.75,2176.12,2925,5
547,38.9946947,-104.8723312,40675.25,2095.7,2925,6
548,38.991915,-104.8792898,40675.50,2097.16,2925,13
549,38.9921405,-104.8783315,40675.75,2083.71,2925,10
550,38.9916625,-104.8727759,40676.00,2082.53,2925,7
551,38.9936306,-104.8746295,40676.25,2082.73,2925,9
552,38.9893499,-104.8802772,40676.50,2083.51,2925,20
553,38.990806,-104.8800903,40676.75,2082.41,2925,18
554,38.990558,-104.8864268,40677.00,2081.48,2925,12
555,38.9909771,-104.8846273,40677.25,2117.74,2925,10
557,38.9909055,-104.883862,40677.75,2141.87,2925,7
559,38.9852886,-104.878542,40678.25,2120.97,2925,5
560,38.9859922,-104.8819112,40678.50,2122.97,2925,7
561,38.9835049,-104.8818145,40678.75,2165.43,2925,10
562,38.9839365,-104.8847051,40679.00,2163.43,2925,9
564,38.9838852,-104.8784855,40679.50,2168.87,2925,17
565,38.9823181,-104.8817526,40679.75,2124.82,2925,19
566,38.9861227,-104.8887413,40680.00,2124.14,2925,10
567,38.9908131,-104.8849191,40680.25,2160.9,2925,9
569,38.9908619,-104.8832555,40680.75,2131.96,2925,14
570,38.9946336,-104.885859,40681.00,2150.16,2925,9
571,38.9936324,-104.8840587,40681.25,2149.24,2925,10
572,38.9952247,-104.8800229,40681.50,2142.19,2925,19
573,38.9942739,-104.8787243,40681.75,2140.71,2925,11
575,38.9938251,-104.8745704,40682.25,2145.06,2925,8
577,38.9934073,-104.8768532,40682.75,2116.54,2925,7
578,38.9936571,-104.8776268,40683.00,2129.96,2925,5
579,38.9950946,-104.8835924,40683.25,2145.73,2925,11
580,38.9934313,-104.883592,40683.50,2146.62,2925,19
581,38.9835165,-104.8817934,40683.75,2135.23,2925,11
582,38.9834927,-104.8839695,40684.00,2141.67,2925,10
583,38.9855221,-104.8874673,40684.25,2158.86,2925,10
584,38.9887035,-104.8845057,40684.50,2154.7,2925,22
585,38.9904378,-104.8850471,40684.75,2153.59,2925,17
586,38.9921612,-104.8891246,40685.00,2185.76,2925,9
587,38.9910788,-104.8841202,40685.25,2194.39,2925,14
589,38.9830502,-104.8804117,40685.75,2172.19,2925,16
590,38.9822262,-104.875289,40686.00,2173.99,2925,12
591,38.9909768,-104.8845304,40686.25,2173.42,2925,15
592,38.9918262,-104.8828758,40686.50,2147.49,2925,23
595,38.9928374,-104.8863836,40687.25,2169.3,2925,12
596,38.9910772,-104.8837549,40687.50,2142.16,2925,11
597,38.9936847,-104.8842504,40687.75,2143.65,2925,10
598,38.9921238,-104.8788148,40688.00,2109.84,2925,11
599,38.9947591,-104.8722376,40688.25,2110.7,2925,10
601,38.9929975,-104.8749172,40688.75,2115.54,2925,18
602,38.9941878,-104.8788388,40689.00,2135.03,2925,13
603,38.9943596,-104.8808694,40689.25,2140.08,2925,12
604,38.9893413,-104.8830373,40689.50,2141.89,2925,20
605,38.9833345,-104.8812949,40689.75,2142.71,2925,22
606,38.989323,-104.883843,40690.00,2142.82,2925,13
609,38.9917099,-104.883704,40690.75,2160.26,2925,22
610,38.9846524,-104.8794226,40691.00,2135.14,2925,13
611,38.9822376,-104.8785607,40691.25,2129.5,2925,11
612,38.9840693,-104.8786122,40691.50,2137.26,2925,24
613,38.9832355,-104.8814376,40691.75,2134.05,2925,18
614,38.984858,-104.8858481,40692.00,2132.37,2925,15
616,38.9845516,-104.8772414,40692.50,2134.67,2925,26
617,38.9826184,-104.8809891,40692.75,2126.53,2925,26
618,38.9850332,-104.8870712,40693.00,2125.8,2925,16
619,38.9883217,-104.8883691,40693.25,2132.38,2925,18
620,38.9862026,-104.8852883,40693.50,2127.48,2925,25
621,38.9846554,-104.8859857,40693.75,2131.55,2925,18
622,38.9861071,-104.8847987,40694.00,2138.99,2925,11
623,38.9889172,-104.8861822,40694.25,2131.74,2925,13
624,38.9904294,-104.8819714,40694.50,2130.91,2925,25
625,38.990527,-104.8808927,40694.75,2106.39,2925,24
626,38.9909787,-104.8811213,40695.00,2111.17,2925,13
627,38.9906734,-104.8872422,40695.25,2105.37,2925,13
629,38.992141,-104.8830122,40695.75,2118.6,2925,26
630,38.986031,-104.8884061,40696.00,2111.29,2925,17
631,38.9890512,-104.8879197,40696.25,2126.07,2925,15
633,38.988988,-104.8851399,40696.75,2104.55,2925,25
634,38.9855542,-104.8855891,40697.00,2143.34,2925,18
635,38.9907227,-104.8842948,40697.25,2154.24,2925,19
636,38.9905119,-104.8813873,40697.50,2152.97,2925,27
637,38.990174,-104.8830505,40697.75,2096,2925,22
638,38.9905428,-104.8856302,40698.00,2113.75,2925,16
639,38.9903775,-104.8854988,40698.25,2118.95,2925,16
640,38.9892514,-104.8853741,40698.50,2135.17,2925,27
641,38.9887892,-104.8860515,40698.75,2135,2925,25
642,38.9903357,-104.8909455,40699.00,2134.22,2925,14
643,38.9922844,-104.8913794,40699.25,2162.51,2925,20
644,38.9923069,-104.8913082,40699.50,2194.38,2925,31
645,38.9923296,-104.8913156,40699.75,2183.32,2925,26
646,38.9923417,-104.8910161,40700.00,2184.85,2925,16
647,38.9919004,-104.8918704,40700.25,2202.46,2925,21
648,38.9918519,-104.8917426,40700.50,2191.64,2925,31
649,38.9921021,-104.8915358,40700.75,2190.7,2925,27
650,38.9921688,-104.8916881,40701.00,2187.9,2925,18
651,38.9926396,-104.8916173,40701.25,2194.84,2925,20
652,38.9930899,-104.8910045,40701.50,2191.87,2925,32
653,38.9925453,-104.8911661,40701.75,2190.29,2925,25
654,38.9926165,-104.8911304,40702.00,2191.64,2925,14
655,38.9926392,-104.8918418,40702.25,2210.78,2925,17
656,38.9930332,-104.8915443,40702.50,2210.76,2925,30
657,38.9926117,-104.8911208,40702.75,2200.25,2925,23
658,38.9924853,-104.8913372,40703.00,2203.29,2925,16
659,38.9916029,-104.8915635,40703.25,2189.24,2925,15
660,38.9918337,-104.8911992,40703.50,2192.54,2925,25
662,38.9918621,-104.8918436,40704.00,2190.24,2925,15
663,38.9928451,-104.8910351,40704.25,2192.07,2925,14
665,38.9931702,-104.8908462,40704.75,2190.39,2925,17
666,38.9930801,-104.890858,40705.00,2177.32,2925,14
667,38.9890832,-104.8920005,40705.25,2190.02,2925,15
668,38.9872293,-104.8919926,40705.50,2186.89,2925,28
669,38.9903581,-104.885969,40705.75,2180.41,2925,24
670,38.9905608,-104.8853889,40706.00,2141.49,2925,14
671,38.990703,-104.8828876,40706.25,2126.74,2925,14
672,38.9922169,-104.8805044,40706.50,2125.67,2925,28
673,38.9921308,-104.8808701,40706.75,2124.77,2925,27
674,38.9929575,-104.8805879,40707.00,2132.15,2925,18
675,38.993064,-104.8809186,40707.25,2138.21,2925,17
676,38.9939605,-104.8828402,40707.50,2143.96,2925,32
677,38.9936081,-104.8830968,40707.75,2139.85,2925,28
678,38.9932813,-104.8830027,40708.00,2144.95,2925,18
680,38.9927358,-104.8800797,40708.50,2145.09,2925,26
681,38.9922353,-104.8803061,40708.75,2145.4,2925,24
682,38.9928792,-104.8806297,40709.00,2147.66,2925,17
683,38.9924383,-104.8820155,40709.25,2147.75,2925,17
684,38.9910111,-104.8820514,40709.50,2149.63,2925,30
686,38.9950556,-104.8815372,40710.00,2147.9,2925,19
687,38.9923585,-104.8799968,40710.25,2145.99,2925,21
688,38.9920765,-104.8810545,40710.50,2122.69,2925,31
689,38.9921271,-104.8802895,40710.75,2112.56,2925,28
690,38.9928259,-104.8804922,40711.00,2145.44,2925,15
691,38.9931557,-104.8830518,40711.25,2143.11,2925,16
692,38.992499,-104.8814959,40711.50,2145.79,2925,25
693,38.9924302,-104.8819709,40711.75,2145.69,2925,21
694,38.9928302,-104.8816532,40712.00,2149.61,2925,14
695,38.9929015,-104.8811871,40712.25,2146.2,2925,14
696,38.9918499,-104.8806852,40712.50,2121.99,2925,26
697,38.9908586,-104.8826355,40712.75,2121.28,2925,25
698,38.9917302,-104.8931388,40713.00,2120.92,2925,13
699,38.9922982,-104.8918556,40713.25,2119.29,2925,16
700,38.9920353,-104.8910834,40713.50,2114.03,2925,30
701,38.9913727,-104.889986,40713.75,2119.11,2925,20
702,38.9911935,-104.8910839,40714.00,2118.25,2925,13
704,38.9920959,-104.8919374,40714.50,2116.85,2925,20
705,38.991928,-104.8924727,40714.75,2117.63,2925,19
706,38.9928835,-104.8930891,40715.00,2115.29,2925,14
708,38.9922517,-104.8830336,40715.50,2114.54,2925,24
711,38.9930443,-104.8808168,40716.25,2144.08,2925,17
712,38.9932427,-104.882006,40716.50,2143.89,2925,29
714,38.9933272,-104.881464,40717.00,2143.42,2925,17
716,38.9931524,-104.8893742,40717.50,2145.15,2925,31
718,38.9928774,-104.8923489,40718.00,2144.73,2925,18
719,38.9920743,-104.8914597,40718.25,2150,2925,21
720,38.9922989,-104.8904874,40718.50,2157.34,2925,30
721,38.9922295,-104.8908145,40718.75,2154.14,2925,28
722,38.9923465,-104.892142,40719.00,2158.75,2925,15
723,38.9917273,-104.8912786,40719.25,2154.7,2925,18
724,38.9925712,-104.8895448,40719.50,2156.54,2925,32
728,38.9937526,-104.8881438,40720.50,2169.3,2925,33
729,38.9928554,-104.8850323,40720.75,2166.81,2925,30
730,38.9928022,-104.8912767,40721.00,2182.06,2925,18
731,38.9922447,-104.8913098,40721.25,2198.15,2925,18
732,38.9915813,-104.8902851,40721.50,2182.68,2925,28
733,38.9920935,-104.8911002,40721.75,2182.34,2925,25
735,38.9926237,-104.8920157,40722.25,2206.56,2925,16
736,38.9937973,-104.8882801,40722.50,2201.31,2925,33
737,38.9929799,-104.8881386,40722.75,2202.18,2925,29
739,38.9930107,-104.8914588,40723.25,2199.55,2925,26
740,38.9903165,-104.8904889,40723.50,2198.83,2925,34
741,38.992172,-104.8912742,40723.75,2206.53,2925,23
744,38.9920059,-104.8915716,40724.50,2207.07,2925,22
745,38.9930244,-104.8915948,40724.75,2208.8,2925,28
746,38.991668,-104.8913688,40725.00,2186.66,2925,16
747,38.9918799,-104.8917426,40725.25,2194.16,2925,20
748,38.9926321,-104.8919903,40725.50,2187.92,2925,32
749,38.9896516,-104.8913759,40725.75,2202.64,2925,27
750,38.9937153,-104.8930548,40726.00,2174.42,2925,17
751,38.9901581,-104.8915458,40726.25,2191.96,2925,18
752,38.9936238,-104.8888784,40726.50,2190.15,2925,32
754,38.9921925,-104.8919007,40727.00,2191.01,2925,14
755,38.993851,-104.8924951,40727.25,2186,2925,17
757,38.9912576,-104.8894209,40727.75,2190.53,2925,29
758,38.9915114,-104.8941934,40728.00,2209.74,2925,17
761,38.9944694,-104.8859614,40728.75,2207.66,2925,30
762,38.9908613,-104.8904261,40729.00,2194.03,2925,21
763,38.992795,-104.8878933,40729.25,2178.29,2925,22
764,38.9945293,-104.8849213,40729.50,2183.55,2925,33
765,38.9935384,-104.8860599,40729.75,2182.79,2925,26
766,38.993639,-104.8919197,40730.00,2157.87,2925,18
767,38.9928176,-104.8824122,40730.25,2165.65,2925,20
768,38.9942943,-104.8853376,40730.50,2168.1,2925,33
769,38.9930177,-104.8899885,40730.75,2185.87,2925,17
771,38.9947217,-104.8909476,40731.25,2157.16,2925,18
772,38.9939207,-104.885823,40731.50,2146.24,2925,22
774,38.989972,-104.8920484,40732.00,2204.78,2925,18
775,38.989964,-104.8866948,40732.25,2201.1,2925,19
777,38.9922801,-104.890319,40732.75,2201.24,2925,23
778,38.9916597,-104.8928665,40733.00,2203.7,2925,17
781,38.9916578,-104.8916096,40735.00,2184.89,2925,18
782,38.9925931,-104.8913831,40735.25,2183.72,2925,18
783,38.9943959,-104.8859924,40735.50,2178.01,2925,30
784,38.989547,-104.8882312,40735.75,2185.2,2925,19
786,38.9756943,-104.8893498,40736.25,2183.37,2925,17
787,38.9720435,-104.8402703,40736.50,1986.52,2925,32
788,38.9850628,-104.8666341,40736.75,1992.99,2925,25
789,38.9896192,-104.8914012,40737.00,2199.14,2925,16
790,38.9892597,-104.8882849,40737.25,2176.94,2925,18
791,38.9874768,-104.8870824,40737.50,2135.45,2925,30
792,38.9885467,-104.8889926,40737.75,2136.48,2925,25
793,38.9913626,-104.8929588,40738.00,2198.37,2925,19
794,38.994423,-104.8857354,40738.25,2198.12,2925,19
795,38.9942767,-104.885045,40738.50,2199.12,2925,34
796,38.9929018,-104.8877521,40738.75,2197.01,2925,22
797,38.9906896,-104.8839045,40739.00,2139.7,2925,20
798,38.9905009,-104.8835129,40739.25,2141.75,2925,20
799,38.9898673,-104.8819128,40739.50,2099.94,2925,32
800,38.9900241,-104.8828255,40739.75,2111.8,2925,28
801,38.9879239,-104.8937614,40740.00,2123.38,2925,18
804,38.9912592,-104.8905161,40740.75,2121.96,2925,32
805,38.9912827,-104.889419,40741.00,2123.5,2925,20
806,38.9895038,-104.8863603,40741.25,2149.81,2925,23
807,38.9880964,-104.8857584,40741.50,2150.57,2925,33
808,38.987937,-104.8858522,40741.75,2147.01,2925,29
810,38.994955,-104.8857793,40742.25,2147.4,2925,20
811,38.9945973,-104.8830568,40742.50,2150.38,2925,33
812,38.993973,-104.8841343,40742.75,2158.14,2925,30
813,38.9908522,-104.8885432,40743.00,2166.67,2925,20
814,38.9934896,-104.8898513,40743.25,2165.65,2925,23
816,38.9942348,-104.8849504,40743.75,2169.91,2925,21
817,38.9920026,-104.8884476,40744.00,2190.04,2925,21
818,38.9919711,-104.8911597,40744.25,2186.41,2925,22
819,38.9943428,-104.8858877,40744.50,2182.11,2925,30
820,38.9874222,-104.889217,40744.75,2136.58,2925,25
821,38.9890378,-104.8935384,40745.00,2216.91,2925,16
822,38.989062,-104.8871492,40745.25,2154.79,2925,19
823,38.987851,-104.8857978,40745.50,2127.02,2925,32
824,38.9885809,-104.8887437,40745.75,2158.81,2925,25
825,38.989273,-104.8931968,40746.00,2156.03,2925,18
826,38.9917901,-104.8912622,40746.25,2157.2,2925,20
827,38.9919163,-104.8905085,40746.50,2154.19,2925,31
828,38.9941904,-104.8918221,40746.75,2163.28,2925,28
829,38.990863,-104.8885328,40747.00,2162.01,2925,16
830,38.9943095,-104.885895,40747.25,2166.02,2925,20
832,38.9944934,-104.8859351,40747.75,2175.75,2925,27
833,38.9914618,-104.8888521,40748.00,2172.05,2925,21
834,38.9909931,-104.8828899,40748.25,2156.88,2925,22
835,38.9895701,-104.8821922,40748.50,2161.38,2925,31
836,38.9914318,-104.8794667,40752.50,2134.83,2925,32
837,38.9886478,-104.8889206,40752.75,2160.75,2925,19
838,38.98972,-104.8922051,40753.00,2161.47,2925,16
839,38.9921622,-104.8882899,40753.25,2190.4,2925,16
840,38.9941928,-104.8858112,40753.50,2175.67,2925,31
841,38.9948001,-104.8854459,40753.75,2178.18,2925,25
842,38.9908062,-104.8885434,40754.00,2182.51,2925,18
843,38.9928046,-104.8905854,40754.25,2181.74,2925,24
846,38.9904453,-104.8907036,40755.00,2195.47,2925,20
848,38.9916756,-104.8922147,40755.50,2203.11,2925,33
849,38.9916861,-104.8920891,40755.75,2201.66,2925,28
851,38.9915041,-104.8914714,40756.25,2178.96,2925,23
852,38.9921293,-104.8913693,40756.50,2202.85,2925,33
853,38.9942084,-104.8891611,40756.75,2159.22,2925,21
854,38.992461,-104.8916523,40757.00,2189.14,2925,21
857,38.9913225,-104.887999,40757.75,2176.84,2925,17
858,38.9893644,-104.8913553,40758.00,2205.49,2925,18
859,38.9834221,-104.8929453,40758.25,2191.1,2925,15
860,38.9767908,-104.8871571,40758.50,2190.27,2925,28
861,38.9879334,-104.8871843,40758.75,2188.83,2925,17
862,38.9912899,-104.8917949,40759.00,2189.27,2925,20
863,38.9946076,-104.8841297,40759.25,2187.1,2925,22
864,38.9941193,-104.8850078,40759.50,2190.52,2925,32
865,38.9950535,-104.8842259,40759.75,2176.79,2925,18
866,38.9925222,-104.8907535,40760.00,2175.98,2925,18
868,38.9944623,-104.8860296,40760.50,2178.42,2925,29
870,38.9903981,-104.891588,40761.00,2190.82,2925,15
871,38.9906439,-104.8983277,40761.25,2190.48,2925,23
872,38.9900707,-104.8972371,40761.50,2235.74,2925,33
873,38.988498,-104.8925131,40761.75,2217.85,2925,27
874,38.990455,-104.8868758,40762.00,2189.37,2925,21
875,38.9896311,-104.8864152,40762.25,2148.24,2925,23
876,38.9885499,-104.8869397,40762.50,2126.5,2925,35
878,38.9874658,-104.8893871,40763.00,2124.24,2925,22
880,38.9946198,-104.8851855,40763.50,2140.94,2925,29
881,38.9920641,-104.8875094,40763.75,2178.42,2925,24
882,38.9889946,-104.894437,40764.00,2211.71,2925,17
883,38.9883425,-104.8940687,40764.25,2207.41,2925,16
885,38.9903243,-104.8822969,40764.75,2115.13,2925,26
886,38.9912034,-104.8899717,40765.00,2190.01,2925,17
887,38.997386,-104.8891505,40765.25,2189,2925,16
888,38.9944922,-104.8905406,40765.50,2187.04,2925,22
889,38.9950692,-104.8900637,40765.75,2163.52,2925,25
891,38.994535,-104.884432,40766.25,2158.92,2925,16
892,38.9941181,-104.8858037,40766.50,2162.08,2925,32
893,38.9943383,-104.883938,40766.75,2173.18,2925,23
894,38.9908921,-104.8884868,40767.00,2173.91,2925,18
895,38.9895709,-104.8883738,40767.25,2167.61,2925,23
896,38.9885903,-104.8882398,40767.50,2160.69,2925,30
897,38.9892376,-104.8880572,40767.75,2140.24,2925,20
898,38.9890388,-104.8903647,40768.00,2196.11,2925,17
899,38.9894102,-104.8858344,40768.25,2181.72,2925,14
900,38.9888495,-104.8858389,40768.50,2139.44,2925,30
902,38.9886508,-104.8864046,40769.00,2139.68,2925,20
903,38.9910821,-104.8873866,40769.25,2171.69,2925,20
905,38.9948463,-104.8846237,40769.75,2176.61,2925,26
906,38.9917143,-104.888994,40770.00,2180.32,2925,16
907,38.9861093,-104.8900296,40770.25,2178.44,2925,21
909,38.9878581,-104.8842798,40770.75,2178.5,2925,26
910,38.9833192,-104.8839766,40771.00,2178.2,2925,18
911,38.9871392,-104.8869184,40771.25,2138.85,2925,18
912,38.9889546,-104.8809788,40771.50,2139.32,2925,31
913,38.990319,-104.88404,40771.75,2139.69,2925,18
914,38.9891385,-104.8875162,40772.00,2137.93,2925,16
915,38.9932169,-104.8879009,40772.25,2137.89,2925,16
917,38.9945643,-104.8808931,40772.75,2148.54,2925,26
920,38.9879714,-104.8853542,40773.50,2148.65,2925,32
921,38.9863736,-104.8884597,40773.75,2159.65,2925,26
922,38.9873445,-104.8894952,40774.00,2163.13,2925,23
923,38.9909429,-104.8832635,40774.25,2120.85,2925,22
924,38.9908329,-104.8822779,40774.50,2113.7,2925,31
925,38.9907963,-104.8830571,40774.75,2144.15,2925,27
926,38.9887009,-104.8858397,40775.00,2140.75,2925,21
927,38.9890188,-104.8883814,40775.25,2144.83,2925,20
929,38.9865919,-104.8869499,40775.75,2126.52,2925,26
930,38.9862438,-104.885715,40776.00,2142.5,2925,17
931,38.9895296,-104.8848336,40776.25,2141.5,2925,19
933,38.9855917,-104.88776,40776.75,2152.49,2925,25
935,38.9873192,-104.8896192,40777.25,2153.89,2925,22
936,38.9878492,-104.8859511,40777.50,2152.7,2925,31
937,38.9877752,-104.8890259,40777.75,2153.32,2925,26
938,38.9888405,-104.8887168,40778.00,2153.39,2925,22
940,38.9873372,-104.8853316,40778.50,2156.2,2925,32
941,38.9888631,-104.8883801,40778.75,2161.41,2925,25
943,38.9920106,-104.8886407,40779.25,2169.86,2925,21
944,38.9886183,-104.8888411,40779.50,2166.39,2925,29
945,38.9888244,-104.8880569,40779.75,2168.32,2925,25
946,38.9893328,-104.8873297,40780.00,2168.5,2925,20
947,38.9892992,-104.8869767,40780.25,2168.33,2925,18
948,38.9892839,-104.884776,40780.50,2173.62,2925,30
949,38.9886842,-104.8870007,40780.75,2143.04,2925,27
950,38.9899496,-104.8878422,40781.00,2179.24,2925,22
951,38.9923123,-104.9012434,40781.25,2179.34,2925,20
952,38.9922885,-104.9007191,40781.50,2266.83,2925,31
953,38.9922461,-104.898592,40781.75,2283.78,2925,24
954,38.9895007,-104.8998842,40782.00,2271.02,2925,20
955,38.9902205,-104.8865771,40782.25,2183.4,2925,20
956,38.9888597,-104.8859257,40782.50,2118.97,2925,32
957,38.9908165,-104.8839927,40782.75,2119.11,2925,28
958,38.9910496,-104.883633,40783.00,2150.71,2925,22
959,38.9907843,-104.8837128,40783.25,2158.5,2925,24
960,38.9911183,-104.8821161,40783.50,2157.19,2925,34
961,38.9910099,-104.8833722,40783.75,2151.39,2925,20
962,38.9907604,-104.8851087,40784.00,2161.78,2925,20
964,38.9917008,-104.8918851,40784.50,2158.33,2925,27
965,38.9927588,-104.8931021,40784.75,2173.71,2925,20
966,38.9906313,-104.8939758,40785.00,2166.78,2925,19
967,38.9924123,-104.8910776,40785.25,2170.39,2925,19
968,38.9918136,-104.890684,40785.50,2171.46,2925,29
969,38.9922075,-104.8877775,40785.75,2153.99,2925,20
970,38.9888457,-104.8944111,40786.00,2224.19,2925,15
972,38.9872486,-104.8892901,40786.50,2160.41,2925,31
973,38.9875464,-104.8897061,40786.75,2152.92,2925,26
974,38.990453,-104.8871572,40787.00,2156.27,2925,18
975,38.9879464,-104.8891188,40787.25,2164.8,2925,23
976,38.9864557,-104.8851477,40787.50,2134.08,2925,33
977,38.9893637,-104.886694,40787.75,2132.47,2925,27
979,38.9894867,-104.8859358,40788.25,2141.02,2925,19
980,38.9896206,-104.8832006,40788.50,2138.55,2925,31
981,38.9877908,-104.8858334,40788.75,2106.68,2925,24
982,38.9905051,-104.8906931,40789.00,2195.21,2925,16
983,38.9937407,-104.8837518,40789.25,2172.52,2925,12
984,38.9928361,-104.8813574,40789.50,2144.04,2925,22
985,38.9915678,-104.8801841,40789.75,2076.45,2925,20
986,38.9923866,-104.8831276,40790.00,2072.21,2925,14
987,38.9774435,-104.8799687,40790.25,2119.75,2925,9
988,38.9814068,-104.8795043,40790.50,2114.74,2925,22
989,38.9842574,-104.8806289,40790.75,2119.4,2925,18
990,38.9887415,-104.884391,40791.00,2116.11,2925,13
991,38.9912036,-104.8846383,40791.25,2118.46,2925,11
993,38.990047,-104.8829459,40791.75,2113.43,2925,22
994,38.9903267,-104.8873879,40792.00,2178.37,2925,15
997,38.9907239,-104.8848604,40792.75,2152.48,2925,17
998,38.9960371,-104.8886998,40793.00,2151.54,2925,16
1000,38.9871581,-104.8875435,40793.50,2153.75,2925,20
1001,38.9894248,-104.8877762,40793.75,2144.75,2925,13
1002,38.9909502,-104.8885514,40794.00,2177.06,2925,12
1003,38.9893902,-104.887578,40794.25,2179.69,2925,11
1004,38.985837,-104.8884846,40794.50,2176.05,2925,22
1005,38.9888868,-104.8881684,40794.75,2177.24,2925,18
1006,38.9900455,-104.8916552,40795.00,2201.06,2925,11
1007,38.9899624,-104.8858207,40795.25,2187.03,2925,11
1008,38.9877594,-104.8861666,40795.50,2144.36,2925,25
1009,38.9856689,-104.8865678,40795.75,2138.73,2925,20
1011,38.9922077,-104.898728,40796.25,2268.39,2925,9
1012,38.9932418,-104.8844819,40796.50,2151.96,2925,26
1013,38.9890021,-104.8835497,40796.75,2151.88,2925,18
1014,38.9894329,-104.8868755,40797.00,2162.71,2925,12
1015,38.9888371,-104.8896392,40797.25,2161.79,2925,15
1016,38.9880497,-104.8827445,40797.50,2123.6,2925,27
1017,38.9901286,-104.8845782,40797.75,2137.19,2925,22
1018,38.9916354,-104.8892836,40798.00,2141.88,2925,20
1019,38.9924125,-104.8911164,40798.25,2194.19,2925,18
1020,38.9951371,-104.8904519,40798.50,2197.12,2925,27
1021,38.9944635,-104.8845438,40798.75,2195.74,2925,20
1022,38.9899534,-104.8873251,40799.00,2196.2,2925,16
1023,38.9902834,-104.885523,40799.25,2160.47,2925,17
1024,38.9887841,-104.8860091,40799.50,2137.28,2925,23
1025,38.9889206,-104.8877698,40799.75,2147.16,2925,19
1027,38.9897703,-104.8863312,40800.25,2160.93,2925,14
1029,38.9893204,-104.8872404,40800.75,2144.77,2925,11
1031,38.989757,-104.8832377,40801.25,2145.26,2925,13
1033,38.9883748,-104.8894373,40801.75,2164.83,2925,13
1034,38.9860464,-104.8888292,40802.00,2150.51,2925,11
1035,38.9772421,-104.8713113,40802.25,2098.11,2925,11
1036,38.9912223,-104.8831776,40802.50,2096.82,2925,23
1037,38.9907149,-104.8849749,40802.75,2153.72,2925,17
1038,38.9918502,-104.887586,40803.00,2152.13,2925,9
1039,38.9901708,-104.8856345,40803.25,2153.66,2925,16
1040,38.9920097,-104.8827041,40803.50,2150.92,2925,26
1043,38.9909045,-104.8830697,40804.25,2143.6,2925,11
1044,38.9893424,-104.8858869,40804.50,2138.58,2925,26
1045,38.9899321,-104.8858842,40804.75,2127.61,2925,18
1046,38.9893211,-104.894637,40805.00,2127.18,2925,13
1047,38.9901501,-104.8930603,40805.25,2146.96,2925,12
1049,38.9877516,-104.8867582,40805.75,2135.89,2925,16
1053,38.9915404,-104.8801896,40806.75,2116.76,2925,16
1054,38.9896055,-104.8946441,40807.00,2224.85,2925,6
1055,38.9869481,-104.8937782,40807.25,2223.88,2925,8
1058,38.9897602,-104.8838738,40808.00,2224.3,2925,9
1059,38.9904901,-104.8847503,40808.25,2222.71,2925,8
1061,38.9893857,-104.8809889,40808.75,2143.76,2925,16
1062,38.9915401,-104.8820391,40809.00,2142.24,2925,15
1063,38.9907902,-104.883069,40809.25,2138.62,2925,14
1065,38.994738,-104.8857111,40809.75,2156.5,2925,18
1066,38.9919555,-104.8884052,40810.00,2188.55,2925,17
1067,38.9915257,-104.8852682,40810.25,2188.71,2925,16
1068,38.9874044,-104.8816202,40810.50,2186.7,2925,25
1069,38.9847554,-104.8836492,40810.75,2159.15,2925,20
1070,38.9843969,-104.8844244,40811.00,2127.27,2925,16
1071,38.9874292,-104.8826892,40811.25,2126.09,2925,17
1073,38.9916575,-104.8856418,40811.75,2169.04,2925,20
1074,38.989258,-104.8884424,40812.00,2170.81,2925,20
1075,38.9887711,-104.8883519,40812.25,2154.97,2925,18
1077,38.9859092,-104.8868218,40812.75,2143.9,2925,17
1078,38.9867154,-104.8881353,40813.00,2146.14,2925,19
1079,38.9888939,-104.8938804,40813.25,2220.77,2925,14
1081,38.9897109,-104.8823047,40813.75,2211.98,2925,19
1083,38.991033,-104.883859,40814.25,2154.58,2925,17
1084,38.9897474,-104.8835522,40814.50,2157.71,2925,32
1086,38.9911656,-104.8894691,40815.00,2157.06,2925,14
1087,38.990214,-104.89307,40815.25,2163.63,2925,11
1088,38.9887402,-104.8875196,40815.50,2160.8,2925,22
1090,38.9885062,-104.8935833,40816.00,2210.38,2925,11
1091,38.9879176,-104.896402,40816.25,2237.09,2925,6
1092,38.9758776,-104.8839277,40816.50,2236.11,2925,26
1093,38.9766678,-104.8851043,40816.75,2234.17,2925,19
1094,38.9776567,-104.8845049,40817.00,2158.85,2925,15
1095,38.9854346,-104.8846811,40817.25,2162.92,2925,15
1098,38.9893214,-104.8899332,40818.00,2162.12,2925,17
1099,38.9906632,-104.8851102,40818.25,2162.41,2925,17
1101,38.9866403,-104.8850927,40818.75,2143.72,2925,20
1102,38.9861157,-104.8848039,40819.00,2142.58,2925,17
1103,38.9876964,-104.8834899,40819.25,2084.65,2925,12
1105,38.9908051,-104.8800784,40819.75,2087.3,2925,17
1106,38.9928585,-104.8794333,40820.00,2091.7,2925,17
1107,38.9916403,-104.8778204,40820.25,2072.86,2925,16
1109,38.9891279,-104.8832414,40820.75,2082.17,2925,18
1110,38.9890923,-104.8852311,40821.00,2080.69,2925,14
1111,38.9896043,-104.8851626,40821.25,2115.36,2925,10
1112,38.9883817,-104.8826379,40821.50,2113.02,2925,26
1113,38.9858271,-104.8847987,40821.75,2113.83,2925,16
1117,38.9850678,-104.876178,40822.75,2116.29,2925,10
1118,38.9917922,-104.8765837,40823.00,2104.47,2925,9
1119,38.9913779,-104.8779807,40823.25,2107.27,2925,7
1120,38.9928513,-104.8823391,40823.50,2129.23,2925,21
1121,38.9893035,-104.8808417,40823.75,2128.01,2925,13
1122,38.9879557,-104.8813911,40824.00,2126.97,2925,8
1124,38.993555,-104.8707358,40824.50,2121.71,2925,10
1125,38.9916722,-104.8740719,40824.75,2060.54,2925,7
1129,38.9879963,-104.8828603,40825.75,2110.26,2925,10
1131,38.9894617,-104.8881439,40826.25,2119.03,2925,8
1133,38.9842706,-104.8837058,40826.75,2131.89,2925,11
1135,38.9856506,-104.8811258,40827.25,2106.26,2925,11
1136,38.9885645,-104.8807491,40827.50,2105.43,2925,20
1137,38.9903022,-104.8850015,40827.75,2105.44,2925,13
1139,38.9896739,-104.8881485,40828.25,2166.2,2925,8
1141,38.9908111,-104.8878713,40828.75,2164.36,2925,11
1142,38.989439,-104.8922796,40829.00,2165.05,2925,5
1144,38.9868477,-104.8819785,40829.50,2156.6,2925,23
1145,38.986916,-104.8824779,40829.75,2153.58,2925,14
1146,38.989826,-104.8877545,40830.00,2154.87,2925,14
1148,38.9886351,-104.882524,40830.50,2108.46,2925,20
1149,38.9836167,-104.8815204,40830.75,2113.52,2925,12
1150,38.9832176,-104.8821175,40831.00,2112.65,2925,7
1151,38.9904717,-104.8790903,40831.25,2101.26,2925,14
1152,38.9896128,-104.8785758,40831.50,2104.66,2925,25
1153,38.9907103,-104.878054,40831.75,2106.67,2925,16
1154,38.9886829,-104.8805127,40832.00,2105.08,2925,18
1155,38.9899784,-104.8770408,40832.25,2105.36,2925,9
1156,38.9914954,-104.8799361,40832.50,2103.87,2925,19
1157,38.9835228,-104.8814664,40832.75,2132.77,2925,11
1158,38.9843233,-104.884377,40833.00,2140.55,2925,8
1159,38.9892163,-104.8837472,40833.25,2138.38,2925,12
1161,38.9913514,-104.8780662,40833.75,2114.08,2925,7
1162,38.9912029,-104.8818296,40834.00,2129.68,2925,6
1163,38.992778,-104.8815461,40834.25,2129.76,2925,6
1164,38.9939236,-104.8824521,40834.50,2133.13,2925,16
1165,38.9906159,-104.8858838,40834.75,2129.16,2925,8
1166,38.9906623,-104.885599,40835.00,2127.56,2925,5
1167,38.9907694,-104.8861886,40835.25,2165.31,2925,4
1168,38.9920214,-104.882794,40835.50,2149.31,2925,17
1169,38.9908871,-104.8877628,40835.75,2166.65,2925,8
1170,38.9902562,-104.8858746,40836.00,2165.78,2925,5
1171,38.9882828,-104.8805952,40836.25,2164.74,2925,13
1172,38.9898076,-104.8833996,40836.50,2131.97,2925,22
1173,38.9929413,-104.8863411,40836.75,2161.4,2925,11
1174,38.9941163,-104.8826105,40837.00,2159.14,2925,10
1175,38.9929219,-104.8824046,40837.25,2148.17,2925,9
1176,38.9908532,-104.8806801,40837.50,2134.74,2925,24
1178,38.99104,-104.8826564,40838.00,2148.86,2925,11
1179,38.989974,-104.8811825,40838.25,2150.46,2925,9
1180,38.9914831,-104.8804003,40838.50,2148.46,2925,22
1181,38.9889718,-104.8836396,40838.75,2146.5,2925,10
1182,38.9882309,-104.8817173,40839.00,2140.07,2925,9
1183,38.9879482,-104.8762347,40839.25,2135.94,2925,10
1184,38.9752245,-104.8558369,40839.50,2134.97,2925,24
1185,38.9774323,-104.8676371,40839.75,2094.27,2925,15
1186,38.9798369,-104.8746494,40840.00,2077.43,2925,9
1188,38.9896192,-104.8785042,40840.50,2075.16,2925,24
1189,38.9881946,-104.8791668,40840.75,2079.88,2925,14
1190,38.9896215,-104.8801155,40841.00,2060.54,2925,13
1191,38.9898087,-104.8827483,40841.25,2104.79,2925,5
1192,38.9894558,-104.8837178,40841.50,2107.12,2925,23
1193,38.9895725,-104.8832003,40841.75,2094.29,2925,9
1194,38.9906342,-104.8837808,40842.00,2096.44,2925,3
1195,38.9920514,-104.8790593,40842.25,2095.93,2925,3
1196,38.9930163,-104.8773015,40842.50,2098.66,2925,5
1197,38.9918762,-104.8809994,40842.75,2097.72,2925,1
1198,38.9922797,-104.8796047,40843.00,2098,2925,3
1200,38.9945999,-104.8805099,40843.50,2107.11,2925,10
1201,38.9896932,-104.8859751,40843.75,2138.12,2925,5
1202,38.9901332,-104.8860253,40844.00,2136.56,2925,2
1203,38.990063,-104.8870446,40844.25,2168.45,2925,1
1204,38.9884273,-104.8858809,40844.50,2163.98,2925,13
1205,38.9853331,-104.8848831,40844.75,2129.16,2925,6
1206,38.9784736,-104.884589,40845.00,2146.9,2925,6
1207,38.980709,-104.8842077,40845.25,2142.15,2925,9
1208,38.9882458,-104.8840459,40845.50,2141.2,2925,19
1209,38.9909989,-104.8793158,40845.75,2094.1,2925,12
1210,38.9913465,-104.8813521,40846.00,2092.5,2925,9
1211,38.9918927,-104.8792207,40846.25,2089.1,2925,5
1212,38.9887276,-104.8787525,40846.50,2086.23,2925,12
1213,38.987489,-104.8872236,40846.75,2127.41,2925,7
1214,38.9899841,-104.8871815,40847.00,2184.05,2925,10
1216,38.9898002,-104.8856936,40847.50,2180.66,2925,21
1217,38.9907183,-104.8808292,40847.75,2180.28,2925,11
1218,38.9907068,-104.8799113,40848.00,2178.67,2925,12
1219,38.990406,-104.8816167,40848.25,2102.32,2925,10
1220,38.9896166,-104.8786478,40848.50,2089.83,2925,17
1221,38.989949,-104.8801185,40848.75,2088.73,2925,8
1222,38.9908366,-104.8807169,40849.00,2087.75,2925,0
1223,38.9917237,-104.8805721,40849.25,2097.98,2925,0
1225,38.9921587,-104.8810928,40849.75,2093.93,2925,1
1226,38.9902787,-104.8867181,40850.00,2159.52,2925,1
1227,38.9904386,-104.8857324,40850.25,2156.66,2925,-1
1229,38.9899593,-104.8846922,40850.75,2149.31,2925,4
1230,38.9894055,-104.8840932,40851.00,2120.38,2925,7
1231,38.989557,-104.882779,40851.25,2104.37,2925,9
1232,38.9882439,-104.8841646,40851.50,2111.26,2925,17
1233,38.9896395,-104.8830496,40851.75,2118.47,2925,12
1234,38.984936,-104.8806582,40852.00,2128.02,2925,10
1236,38.9868858,-104.8837582,40852.50,2119.58,2925,11
1238,38.9912668,-104.8808098,40853.00,2122.51,2925,4
1239,38.9899581,-104.88146,40853.25,2082.71,2925,3
1240,38.9891895,-104.8828303,40853.50,2084.84,2925,13
1241,38.9901776,-104.882583,40853.75,2097.11,2925,2
1242,38.9918097,-104.8820683,40854.00,2094.12,2925,3
1243,38.9915644,-104.8787897,40854.25,2080.1,2925,3
1244,38.9913735,-104.8775695,40854.50,2084.04,2925,7
1245,38.9921959,-104.8807496,40854.75,2111.07,2925,6
1246,38.9921019,-104.880673,40855.00,2109.67,2925,4
1247,38.9894136,-104.87866,40855.25,2106.55,2925,1
1250,38.991067,-104.8830546,40856.00,2124.48,2925,2
1251,38.9911891,-104.8837385,40856.25,2149.06,2925,1
1252,38.9874431,-104.8827756,40856.50,2151.2,2925,13
1253,38.9893541,-104.8866666,40856.75,2148.1,2925,5
1255,38.9891159,-104.8806718,40857.25,2147.39,2925,7
1257,38.9912608,-104.8812623,40857.75,2107.43,2925,11
1259,38.9900622,-104.8807726,40858.25,2104.98,2925,11
1260,38.99091,-104.881693,40858.50,2120.6,2925,16
1261,38.9903012,-104.8827532,40858.75,2111.93,2925,8
1263,38.9897077,-104.8791831,40859.25,2113.88,2925,10
1264,38.988657,-104.8805752,40859.50,2116.58,2925,17
1265,38.9907764,-104.8809498,40859.75,2119.85,2925,12
1266,38.9912213,-104.8770183,40860.00,2111.27,2925,8
1267,38.9885296,-104.8776065,40860.25,2078.42,2925,8
1269,38.9857346,-104.8784858,40860.75,2099.5,2925,10
1270,38.9873167,-104.877259,40861.00,2100.2,2925,7
1271,38.9911508,-104.8773914,40861.25,2098.68,2925,6
1272,38.9874384,-104.8788308,40861.50,2097.8,2925,14
1273,38.9915235,-104.8811409,40861.75,2096.83,2925,8
1275,38.9898364,-104.8822852,40862.25,2096.22,2925,7
1276,38.9861323,-104.8842981,40862.50,2095.81,2925,20
1277,38.9854855,-104.8827282,40862.75,2100.3,2925,8
1278,38.9852749,-104.883268,40863.00,2105.36,2925,6
1279,38.9842856,-104.8847535,40863.25,2104.39,2925,-2
1281,38.9909585,-104.8807749,40863.75,2104.41,2925,1
1284,38.984489,-104.8872759,40864.50,2116.23,2925,16
1285,38.9860808,-104.8889204,40864.75,2120.36,2925,10
1287,38.9884841,-104.8848244,40865.25,2116.46,2925,9
1288,38.9882354,-104.8821245,40865.50,2129.91,2925,20
1289,38.9902504,-104.8807689,40865.75,2128.44,2925,12
1290,38.9900421,-104.8807844,40866.00,2098.2,2925,10
1291,38.9902725,-104.8810465,40866.25,2084.08,2925,7
1292,38.9913805,-104.8778289,40866.50,2091.02,2925,16
1293,38.9854611,-104.8804794,40866.75,2110.01,2925,4
1294,38.985213,-104.8832219,40867.00,2109.08,2925,0
1295,38.9870786,-104.8834823,40867.25,2107.43,2925,-2
1296,38.9885675,-104.8846908,40867.50,2139.97,2925,10
1297,38.9856635,-104.8867521,40867.75,2141.05,2925,2
1298,38.9861892,-104.8872482,40868.00,2140.44,2925,2
1299,38.9850604,-104.8874979,40868.25,2139.56,2925,3
1301,38.9889401,-104.8851906,40868.75,2119.06,2925,6
1302,38.9881109,-104.8868271,40869.00,2134.29,2925,6
1303,38.988203,-104.8850596,40869.25,2132.78,2925,7
1304,38.9880777,-104.882833,40869.50,2134.07,2925,16
1305,38.9921167,-104.8801639,40869.75,2109.23,2925,9
1307,38.9853813,-104.8790703,40870.25,2113.01,2925,8
1308,38.9868749,-104.8806737,40870.50,2100.41,2925,17
1309,38.9844394,-104.8824124,40870.75,2108.73,2925,8
1310,38.9855819,-104.8846977,40871.00,2114.09,2925,8
1311,38.9859858,-104.8848001,40871.25,2117.49,2925,12
1312,38.986606,-104.8860913,40871.50,2102.34,2925,19
1313,38.9873402,-104.8858121,40871.75,2100.15,2925,13
1317,38.990543,-104.8821354,40872.75,2107.37,2925,9
1318,38.9908501,-104.8841066,40873.00,2149.47,2925,2
1319,38.9916053,-104.8810884,40873.25,2141.23,2925,0
1320,38.9915401,-104.8805027,40873.50,2140.65,2925,12
1323,38.9908511,-104.8852408,40874.25,2144.57,2925,5
1324,38.990887,-104.8866384,40874.50,2182.56,2925,15
1325,38.9899293,-104.8877471,40874.75,2177.26,2925,7
1326,38.9932832,-104.8817698,40875.00,2176.48,2925,10
1328,38.9909729,-104.8811099,40875.50,2175.54,2925,22
1329,38.9900698,-104.8816043,40875.75,2102.35,2925,9
1330,38.9861025,-104.8870335,40876.00,2147.58,2925,4
1331,38.9905613,-104.885024,40876.25,2149.36,2925,4
1332,38.9931163,-104.8831656,40876.50,2146.93,2925,14
1333,38.9898981,-104.8844707,40876.75,2146.57,2925,8
1334,38.9897422,-104.8851947,40877.00,2139.36,2925,5
1335,38.9883552,-104.8849434,40877.25,2115.06,2925,12
1337,38.9902847,-104.8820606,40877.75,2120.55,2925,9
1338,38.9908894,-104.8825968,40878.00,2120.24,2925,4
1339,38.9913773,-104.8827816,40878.25,2121.65,2925,0
1340,38.9924219,-104.8820829,40878.50,2122.98,2925,4
1341,38.9899115,-104.8872326,40878.75,2151.09,2925,0
1342,38.9873714,-104.8850646,40879.00,2126.07,2925,-3
1343,38.9841649,-104.8847359,40879.25,2120.97,2925,-2
1344,38.9831992,-104.8769472,40879.50,2121.54,2925,3
1345,38.9841187,-104.8823146,40879.75,2120.94,2925,2
1346,38.9872576,-104.8820426,40880.00,2111.48,2925,0
1347,38.9893546,-104.8789193,40880.25,2087.63,2925,-3
1349,38.9851675,-104.8846265,40880.75,2086.71,2925,-10
1350,38.9846138,-104.8884459,40881.00,2167.46,2925,-5
1351,38.9874263,-104.8925276,40881.25,2180.52,2925,-3
1352,38.9938591,-104.8888104,40881.50,2154.7,2925,-1
1354,38.9875158,-104.882628,40882.00,2109.44,2925,-4
1355,38.9859616,-104.8781237,40882.25,2106.51,2925,-6
1357,38.9850318,-104.8828817,40882.75,2105.33,2925,-4
1358,38.9859836,-104.8880694,40883.00,2113.02,2925,-12
1359,38.989635,-104.8872616,40883.25,2119.1,2925,-6
1360,38.9906447,-104.8849564,40883.50,2160.18,2925,10
1362,38.9902404,-104.886617,40884.00,2158.41,2925,6
1363,38.9859612,-104.8878393,40884.25,2157.43,2925,2
1364,38.9872198,-104.8856044,40884.50,2156.4,2925,11
1365,38.9859702,-104.8877249,40884.75,2156.19,2925,3
1366,38.9879818,-104.8895037,40885.00,2156.77,2925,-1
1369,38.9943726,-104.8806784,40885.75,2146.24,2925,-2
1372,38.9879657,-104.8864144,40886.50,2089.03,2925,8
1373,38.9867031,-104.8861558,40886.75,2089.02,2925,0
1374,38.9898725,-104.88899,40887.00,2086.51,2925,-3
1375,38.9900349,-104.8895741,40887.25,2086.48,2925,-3
1377,38.9905212,-104.8867449,40887.75,2084.94,2925,2
1378,38.9860554,-104.8871539,40888.00,2142.92,2925,-4
1380,38.9910161,-104.8811159,40888.50,2091.74,2925,16
1381,38.9836645,-104.8834302,40888.75,2087.89,2925,3
1382,38.9862205,-104.887502,40889.00,2086.88,2925,3
1383,38.9872809,-104.8895985,40889.25,2159.15,2925,3
1384,38.9878663,-104.8851811,40889.50,2156.71,2925,10
1385,38.9856966,-104.8791815,40889.75,2104.71,2925,2
1388,38.9881699,-104.8824432,40890.50,2105.52,2925,13
1390,38.984493,-104.8840303,40891.00,2110.91,2925,4
1393,38.9871995,-104.8877996,40891.75,2105.15,2925,3
1394,38.986689,-104.8877866,40892.00,2114.79,2925,-1
1398,38.9843449,-104.8846897,40893.00,2126.47,2925,-3
1399,38.9879062,-104.8820236,40893.25,2122.63,2925,2
1400,38.9919936,-104.8791923,40893.50,2080.03,2925,8
1401,38.9846986,-104.8819965,40893.75,2081.11,2925,1
1402,38.9842348,-104.8838731,40894.00,2133.63,2925,-1
1403,38.9817752,-104.885529,40894.25,2129.37,2925,-3
1404,38.9884562,-104.8817601,40894.50,2112.34,2925,20
1405,38.9843994,-104.8811015,40894.75,2114.22,2925,5
1408,38.9860946,-104.8754013,40895.50,2113.69,2925,17
1409,38.9843888,-104.8822627,40895.75,2156.99,2925,6
1410,38.987007,-104.8859829,40896.00,2153.81,2925,7
1411,38.988697,-104.8847279,40896.25,2146.06,2925,3
1412,38.9918391,-104.8792357,40896.50,2098.04,2925,4
1413,38.9849822,-104.8769368,40896.75,2105.78,2925,0
1414,38.9866776,-104.8764568,40897.00,2098.86,2925,-3
1415,38.9858358,-104.8793488,40897.25,2122.18,2925,-4
1417,38.9852354,-104.8879243,40897.75,2126.67,2925,-2
1418,38.9897439,-104.887362,40898.00,2151.84,2925,3
1419,38.9896593,-104.892224,40898.25,2203.18,2925,-4
1421,38.9846771,-104.8833349,40898.75,2158.77,2925,3
1422,38.9889813,-104.8847687,40899.00,2159.51,2925,0
1423,38.9882355,-104.8812923,40899.25,2158.51,2925,-3
1424,38.9871009,-104.8817658,40899.50,2158.41,2925,2
1425,38.9850393,-104.8762092,40899.75,2110.66,2925,-2
1426,38.9852014,-104.8812622,40900.00,2113.86,2925,-5
1427,38.9875258,-104.8826078,40900.25,2093.76,2925,-4
1429,38.9935097,-104.8804653,40900.75,2092.96,2925,-2
1432,38.9872704,-104.8865204,40901.50,2092.24,2925,9
1433,38.9891197,-104.8875066,40901.75,2145.28,2925,-3
1434,38.9847585,-104.8836372,40902.00,2144.43,2925,0
1435,38.9870353,-104.882587,40902.25,2143.57,2925,-4
1436,38.9839731,-104.8787223,40902.50,2142.52,2925,8
1437,38.98207,-104.8837371,40902.75,2141.37,2925,-1
1438,38.9825603,-104.884005,40903.00,2128.14,2925,-2
1439,38.9829742,-104.8852093,40903.25,2115.85,2925,2
1441,38.9858102,-104.8859472,40903.75,2146.35,2925,4
1442,38.9860229,-104.8882108,40904.00,2147.37,2925,2
1443,38.9893461,-104.888362,40904.25,2152.37,2925,-5
1444,38.9889486,-104.8869894,40904.50,2146.51,2925,19
1445,38.9856427,-104.8859078,40904.75,2132.78,2925,5
1446,38.9886327,-104.8850088,40905.00,2132.63,2925,5
1447,38.9909374,-104.8793332,40905.25,2126.37,2925,3
1448,38.9886282,-104.8806479,40905.50,2093.51,2925,12
1449,38.9852594,-104.8759399,40905.75,2093.18,2925,10
1450,38.9876743,-104.8790217,40906.00,2094.04,2925,10
1451,38.9896038,-104.881001,40906.25,2093.17,2925,9
1452,38.987661,-104.8822503,40906.50,2100.64,2925,16
1454,38.9881632,-104.8773565,40907.00,2095.31,2925,7
1456,38.9833824,-104.8770703,40907.50,2096.4,2925,14
1458,38.9842258,-104.8839979,40908.00,2120.55,2925,7
1459,38.9870307,-104.8835248,40908.25,2120.36,2925,7
1460,38.9858229,-104.8768255,40908.50,2112.82,2925,5
1461,38.9902711,-104.8843298,40908.75,2124,2925,0
1462,38.9848447,-104.8799418,40909.00,2119.88,2925,-2
1463,38.9852116,-104.8810214,40909.25,2115.63,2925,-2
1464,38.9852868,-104.8831209,40909.50,2118.04,2925,12
1465,38.9861248,-104.8870824,40909.75,2119.08,2925,0
1466,38.9860894,-104.8883446,40910.00,2157.32,2925,0
1467,38.986101,-104.8886776,40910.25,2158.91,2925,1
1468,38.9876076,-104.8857948,40910.50,2106.38,2925,10
1469,38.985907,-104.8883698,40910.75,2120.36,2925,3
1470,38.9884235,-104.8828727,40911.00,2118.41,2925,11
1471,38.9909194,-104.8795724,40911.25,2114.53,2925,11
1473,38.9838944,-104.8812624,40911.75,2121.52,2925,10
1474,38.9848204,-104.8837678,40912.00,2115.26,2925,3
1475,38.9851072,-104.8854443,40912.25,2118.84,2925,0
1476,38.9867054,-104.8804376,40912.50,2114.13,2925,18
1477,38.9865534,-104.8874998,40912.75,2112.74,2925,5
1479,38.9859056,-104.8868508,40913.25,2136.44,2925,7
1480,38.9844705,-104.8878321,40913.50,2161.68,2925,18
1481,38.9849676,-104.8904887,40913.75,2158.65,2925,12
1484,38.9911451,-104.8831856,40914.50,2156.68,2925,17
1485,38.9838382,-104.8769894,40914.75,2156.26,2925,6
1486,38.9836982,-104.8815012,40915.00,2138.91,2925,0
1487,38.9831277,-104.880282,40915.25,2123.4,2925,-1
1489,38.9887915,-104.8865568,40915.75,2123.56,2925,3
1490,38.9894038,-104.886135,40916.00,2130.15,2925,0
1491,38.9884913,-104.8862225,40916.25,2126.6,2925,-3
1493,38.9853955,-104.8871342,40916.75,2126.95,2925,-1
1494,38.9860779,-104.8881826,40917.00,2154.13,2925,1
1495,38.9875236,-104.887967,40917.25,2159.22,2925,2
1497,38.9875857,-104.8882085,40917.75,2158.65,2925,6
1498,38.986519,-104.8886193,40918.00,2150.83,2925,4
1499,38.9863486,-104.8875849,40918.25,2148.77,2925,7
1500,38.9858198,-104.8845929,40918.50,2124.37,2925,19
1501,38.9857726,-104.8872048,40918.75,2156.28,2925,3
1502,38.9864719,-104.8853151,40919.00,2160.47,2925,7
1503,38.9891833,-104.8848128,40919.25,2119.07,2925,1
1504,38.9911634,-104.8838277,40919.50,2149.4,2925,1
1505,38.990453,-104.8843959,40919.75,2127.66,2925,-8
1506,38.9905375,-104.8841134,40920.00,2133.55,2925,-8
1507,38.9899657,-104.8862536,40920.25,2130.93,2925,-3
1508,38.9890233,-104.8834715,40920.50,2131.49,2925,8
1509,38.9835835,-104.884295,40920.75,2143.51,2925,2
1510,38.9831909,-104.8836301,40921.00,2141.76,2925,-2
1511,38.9847058,-104.8835695,40921.25,2123.04,2925,1
1513,38.9881885,-104.8882621,40921.75,2125.23,2925,4
1515,38.9872459,-104.8854637,40922.25,2122.62,2925,6
1518,38.9872792,-104.8857922,40923.00,2118.05,2925,8
1519,38.988472,-104.884953,40923.25,2116.53,2925,10
1520,38.9880584,-104.8888411,40923.50,2116.05,2925,15
1521,38.9901269,-104.8844742,40923.75,2140.61,2925,8
1522,38.9849619,-104.8804309,40924.00,2135.59,2925,5
1523,38.9872113,-104.880377,40924.25,2109.88,2925,5
1524,38.9852109,-104.8768579,40924.50,2109.36,2925,16
1525,38.9919464,-104.881024,40924.75,2108.75,2925,3
1526,38.9922115,-104.8808372,40925.00,2105.75,2925,-2
1527,38.9877737,-104.8922368,40925.25,2188.49,2925,-7
1528,38.9869091,-104.8909062,40925.50,2183.13,2925,2
1529,38.9869194,-104.8930869,40925.75,2200.8,2925,-5
1530,38.9869685,-104.8925762,40926.00,2194.06,2925,1
1531,38.9881544,-104.8851911,40930.00,2128.31,2925,7
1532,38.9881935,-104.884019,40930.25,2127.71,2925,6
1533,38.9880594,-104.8827861,40930.50,2127.04,2925,15
1534,38.9885633,-104.8856777,40930.75,2126.25,2925,3
1535,38.9859372,-104.8876765,40931.00,2138.47,2925,2
1536,38.9849484,-104.8906212,40931.25,2191.48,2925,0
1538,38.9889911,-104.8870488,40931.75,2145.44,2925,4
1539,38.9892624,-104.8878016,40932.00,2149.54,2925,3
1540,38.9817933,-104.8853804,40932.25,2133.25,2925,6
1541,38.9832366,-104.8780681,40932.50,2135.48,2925,8
1542,38.9833479,-104.8779862,40932.75,2129.75,2925,3
1543,38.9899223,-104.8860999,40933.00,2146.43,2925,-3
1544,38.9901087,-104.8860828,40933.25,2165.35,2925,0
1547,38.9886398,-104.885721,40934.00,2165.03,2925,8
1548,38.9862179,-104.8844061,40934.25,2133.33,2925,4
1549,38.984796,-104.8833146,40934.50,2132.91,2925,14
1550,38.9838491,-104.8773229,40934.75,2132.51,2925,8
1551,38.985501,-104.8765925,40935.00,2131.56,2925,8
1552,38.9897713,-104.8818044,40935.25,2106.74,2925,5
1554,38.9913929,-104.8819403,40935.75,2135.4,2925,-3
1555,38.9859889,-104.886427,40936.00,2131.37,2925,-7
1556,38.9864355,-104.8863457,40936.25,2130.5,2925,-6
1559,38.9884692,-104.8805517,40937.00,2129.62,2925,5
1563,38.9892792,-104.8856914,40938.00,2129.76,2925,8
1564,38.9865168,-104.8868311,40938.25,2149.54,2925,4
1565,38.9838653,-104.8881714,40938.50,2165.26,2925,16
1566,38.9834235,-104.8823525,40938.75,2152.76,2925,11
1567,38.9859034,-104.8833615,40939.00,2152.64,2925,8
1568,38.9872767,-104.885773,40939.25,2135.89,2925,1
1569,38.9877623,-104.8878515,40939.50,2143.97,2925,14
1570,38.9864827,-104.8879489,40939.75,2138.33,2925,3
1572,38.9881665,-104.8846465,40940.25,2142.55,2925,3
1573,38.9847384,-104.8759021,40940.50,2142.41,2925,17
1574,38.9872501,-104.87119,40940.75,2106.16,2925,3
1576,38.9856059,-104.8756372,40941.25,2106.04,2925,-1
1577,38.9923098,-104.8797579,40941.50,2106.58,2925,10
1578,38.9905098,-104.8844738,40941.75,2115.11,2925,2
1579,38.9925396,-104.8818367,40942.00,2111.61,2925,3
1580,38.9912565,-104.8799243,40942.25,2087.37,2925,-1
1581,38.9921922,-104.8789745,40942.50,2094.1,2925,3
1582,38.990935,-104.8829922,40942.75,2118.75,2925,-1
1583,38.9884123,-104.8837772,40943.00,2113.59,2925,-2
1584,38.9891281,-104.8849996,40943.25,2140.95,2925,-3
1585,38.9922244,-104.8819271,40943.50,2140.54,2925,8
1586,38.9860088,-104.8887154,40943.75,2139.76,2925,2
1587,38.9856025,-104.8921579,40944.00,2206.64,2925,-3
1588,38.987072,-104.8936332,40944.25,2230.72,2925,-5
1589,38.9846542,-104.8883765,40944.50,2230.27,2925,4
1590,38.9840118,-104.8836844,40944.75,2227.8,2925,-1
1591,38.9830458,-104.8825865,40945.00,2210.94,2925,-2
1592,38.9825456,-104.8840177,40945.25,2136.52,2925,0
1594,38.9883209,-104.8864813,40945.75,2122.95,2925,-1
1595,38.9896566,-104.886913,40946.00,2132.01,2925,0
1596,38.9898139,-104.8859143,40946.25,2164.47,2925,-4
1597,38.9860434,-104.875355,40946.50,2163.63,2925,1
1598,38.9843669,-104.8641642,40946.75,2050.33,2925,-3
1599,38.9826085,-104.8531177,40947.00,2049.99,2925,-4
1600,38.9836121,-104.8516271,40947.25,2044.21,2925,-2
1601,38.9810061,-104.8566286,40947.50,2045.75,2925,16
1602,38.9799589,-104.8542956,40947.75,2054.33,2925,4
1603,38.9806582,-104.8493883,40948.00,2042.61,2925,1
1604,38.978741,-104.8505967,40948.25,2049.78,2925,2
1605,38.9820471,-104.8625837,40948.50,2074.58,2925,11
1606,38.9823797,-104.8699602,40948.75,2084.57,2925,1
1607,38.9825095,-104.8713231,40949.00,2160.54,2925,-2
1608,38.9818633,-104.8726977,40949.25,2161.8,2925,-1
1609,38.9852987,-104.8773499,40949.50,2121.17,2925,9
1610,38.9843343,-104.8831,40949.75,2126.33,2925,1
1611,38.9842874,-104.8838381,40950.00,2128,2925,-2
1612,38.9842908,-104.8837989,40950.25,2149.78,2925,-5
1613,38.9817405,-104.872811,40950.50,2183.41,2925,-5
1614,38.9851931,-104.8761847,40950.75,2119.76,2925,-6
1615,38.9846496,-104.8794552,40951.00,2121.21,2925,-5
1616,38.9850433,-104.883301,40951.25,2130.78,2925,-5
1617,38.9857856,-104.8845059,40951.50,2122.71,2925,8
1618,38.9841856,-104.8885723,40951.75,2126.07,2925,4
1619,38.9842607,-104.886469,40952.00,2123.71,2925,3
1620,38.9883734,-104.8838598,40952.25,2120.52,2925,2
1621,38.9913295,-104.88387,40952.50,2161.59,2925,10
1622,38.9916137,-104.8854268,40952.75,2140.09,2925,4
1623,38.9914895,-104.8882944,40953.00,2138.04,2925,1
1625,38.9797562,-104.8589351,40953.50,2102.81,2925,14
1626,38.9853182,-104.8754048,40953.75,2102.59,2925,5
1627,38.9876972,-104.8750603,40954.00,2105.22,2925,3
1628,38.9922271,-104.8787047,40954.25,2105.21,2925,1
1629,38.9900839,-104.8799052,40954.50,2105.19,2925,7
1632,38.9843586,-104.8770584,40955.25,2103.92,2925,1
1633,38.987638,-104.883071,40955.50,2114.91,2925,11
1634,38.9828091,-104.8803149,40955.75,2121.02,2925,3
1635,38.9888127,-104.881363,40956.00,2120.64,2925,1
1636,38.989629,-104.8825821,40956.25,2118.32,2925,-1
1638,38.9849544,-104.8762035,40956.75,2125.49,2925,3
1639,38.9853174,-104.8707428,40957.00,2120.19,2925,3
1640,38.985653,-104.8710294,40957.25,2120.24,2925,0
1641,38.9781707,-104.8709444,40957.50,2120.11,2925,8
1642,38.9828263,-104.8652596,40957.75,2118.66,2925,6
1643,38.9851151,-104.8752297,40958.00,2117.75,2925,1
1646,38.9846787,-104.8807602,40958.75,2117.23,2925,6
1647,38.9909601,-104.8799336,40959.00,2116.91,2925,1
1648,38.992174,-104.8773313,40959.25,2115.67,2925,0
1650,38.9853643,-104.8770436,40959.75,2115.34,2925,2
1651,38.9873867,-104.8755621,40960.00,2092.17,2925,0
1652,38.9856293,-104.8769168,40960.25,2082.16,2925,1
1653,38.9879532,-104.8853797,40960.50,2081.21,2925,11
1656,38.9862555,-104.8845962,40961.25,2117.05,2925,8
1658,38.9850309,-104.880479,40961.75,2116.59,2925,11
1659,38.9897902,-104.8756994,40962.00,2115.28,2925,9
1660,38.985313,-104.8614327,40962.25,2114.44,2925,0
1661,38.9864957,-104.8667302,40962.50,2071.38,2925,1
1662,38.9854592,-104.8772825,40962.75,2073.71,2925,-2
1663,38.9876649,-104.8808766,40963.00,2076.27,2925,-6
1664,38.9882865,-104.8810426,40963.25,2062.51,2925,-3
1665,38.9857699,-104.8820132,40963.50,2115.33,2925,6
1666,38.9819236,-104.8832777,40963.75,2110.6,2925,0
1667,38.9825295,-104.8847191,40964.00,2121.25,2925,-3
1668,38.9828471,-104.8853499,40964.25,2120.57,2925,-4
1670,38.9859623,-104.8859774,40964.75,2122.31,2925,9
1671,38.9882414,-104.8872364,40965.00,2119.55,2925,1
1672,38.9887994,-104.8880328,40965.25,2116.11,2925,0
1673,38.9868206,-104.8882423,40965.50,2150.78,2925,10
1674,38.9904153,-104.8846197,40965.75,2145.55,2925,2
1675,38.9852498,-104.8813676,40966.00,2104.03,2925,-2
1679,38.9848869,-104.8702815,40967.00,2099.79,2925,1
1680,38.9838078,-104.8663175,40967.25,2098.43,2925,1
1682,38.9843966,-104.864785,40967.75,2078.04,2925,5
1686,38.9867295,-104.8815336,40968.75,2082.21,2925,8
1687,38.9847292,-104.8817745,40969.00,2111.89,2925,5
1688,38.9846895,-104.8799857,40969.25,2112.56,2925,1
1689,38.9841807,-104.8822061,40969.50,2121.97,2925,16
1690,38.9911892,-104.883994,40969.75,2122.03,2925,2
1691,38.9905946,-104.8842241,40970.00,2127.31,2925,-2
1692,38.9904032,-104.88397,40970.25,2126.55,2925,-2
1693,38.9895766,-104.886925,40970.50,2139.82,2925,11
1695,38.9856663,-104.8768124,40971.00,2134.3,2925,-4
1696,38.9859169,-104.8777524,40971.25,2138.08,2925,-2
1698,38.9845444,-104.8814835,40971.75,2137.24,2925,5
1700,38.9864322,-104.8783762,40972.25,2123.01,2925,4
1702,38.9847367,-104.8753698,40972.75,2125.16,2925,10
1703,38.9871474,-104.8742508,40973.00,2125.01,2925,3
1704,38.9862501,-104.8764096,40973.25,2100.3,2925,9
1706,38.9909666,-104.8849096,40973.75,2098.53,2925,13
1707,38.9896322,-104.8845531,40974.00,2113.12,2925,10
1708,38.9863295,-104.8823701,40974.25,2091,2925,6
1709,38.984007,-104.8782455,40974.50,2090.18,2925,17
1711,38.9842092,-104.8810569,40975.00,2095.8,2925,9
1712,38.9914527,-104.8767073,40975.25,2092.24,2925,4
1713,38.9918925,-104.8792928,40975.50,2093.89,2925,14
1714,38.9785392,-104.869309,40975.75,2098.15,2925,4
1715,38.9845176,-104.864409,40976.00,2096.41,2925,0
1716,38.9836356,-104.8620034,40976.25,2095.03,2925,1
1717,38.9816611,-104.8602343,40976.50,2094.16,2925,11
1718,38.9823758,-104.8666839,40976.75,2121.66,2925,6
1719,38.980488,-104.8697423,40977.00,2126.39,2925,2
1720,38.982312,-104.8732679,40977.25,2143.14,2925,1
1722,38.9847705,-104.8689762,40977.75,2141.19,2925,9
1723,38.9823477,-104.8714079,40978.00,2160.49,2925,3
1724,38.9821747,-104.8734042,40978.25,2158.8,2925,4
1726,38.9854172,-104.8736639,40978.75,2155.77,2925,10
1727,38.9855379,-104.8628057,40979.00,2164.64,2925,6
1728,38.9856715,-104.8652953,40979.25,2163.8,2925,5
1730,38.9833589,-104.8772403,40979.75,2163.21,2925,12
1731,38.9875973,-104.8789453,40980.00,2114.14,2925,10
1732,38.9897576,-104.8814953,40980.25,2114.99,2925,8
1733,38.985028,-104.8760799,40980.50,2113.8,2925,18
1734,38.9817961,-104.881069,40980.75,2104.25,2925,12
1737,38.985378,-104.883063,40981.50,2140.49,2925,20
1738,38.9839806,-104.8856986,40981.75,2146.25,2925,15
1739,38.983887,-104.8844769,40982.00,2149.56,2925,10
1740,38.9887605,-104.8850264,40982.25,2116.68,2925,6
1741,38.9847018,-104.8809133,40982.50,2125.18,2925,21
1742,38.9843096,-104.8771448,40982.75,2123.37,2925,15
1743,38.9858164,-104.8764607,40983.00,2120.07,2925,13
1744,38.9899911,-104.8804004,40983.25,2119.51,2925,9
1746,38.9863092,-104.8730963,40983.75,2103.32,2925,16
1747,38.9863588,-104.8706227,40984.00,2083.79,2925,7
1748,38.9876923,-104.8693566,40984.25,2083.64,2925,11
1750,38.9900861,-104.8797125,40984.75,2081.04,2925,16
1751,38.9844379,-104.8814743,40985.00,2091.45,2925,8
1752,38.9899205,-104.8863113,40985.25,2092.64,2925,9
1753,38.9841099,-104.8867449,40985.50,2139.64,2925,20
1754,38.9828104,-104.8789282,40985.75,2131.97,2925,16
1756,38.986161,-104.8823392,40986.25,2118.88,2925,6
1758,38.9871891,-104.8730237,40986.75,2117.7,2925,12
1759,38.9870603,-104.8732251,40987.00,2106.76,2925,5
1762,38.9772423,-104.8667851,40987.75,2109.21,2925,8
1763,38.9808731,-104.8687333,40988.00,2108.5,2925,2
1764,38.9816469,-104.872508,40988.25,2116.77,2925,-1
1766,38.9808645,-104.8653632,40988.75,2114.45,2925,7
1767,38.981372,-104.8734007,40989.00,2113.17,2925,2
1768,38.9869157,-104.8748566,40989.25,2115.47,2925,4
1770,38.9909312,-104.8727857,40989.75,2112.92,2925,11
1771,38.9863658,-104.8740165,40990.00,2113.04,2925,10
1772,38.9910691,-104.8776412,40990.25,2106.72,2925,8
1773,38.9896788,-104.8813831,40990.50,2109.9,2925,22
1774,38.9856253,-104.8756402,40990.75,2106.55,2925,12
1778,38.9831354,-104.8624192,40991.75,2081.01,2925,18
1779,38.9874122,-104.8699476,40992.00,2075.96,2925,9
1780,38.9859019,-104.8792564,40992.25,2106.75,2925,10
1781,38.9885448,-104.8820869,40992.50,2103.36,2925,26
1782,38.9856153,-104.8791468,40992.75,2126.99,2925,18
1783,38.984672,-104.8808011,40993.00,2124.5,2925,11
1784,38.9848735,-104.8840495,40993.25,2127.05,2925,10
1785,38.988311,-104.8853895,40993.50,2124.31,2925,25
1786,38.9838374,-104.8775748,40993.75,2130.94,2925,20
1787,38.9867277,-104.8720037,40994.00,2128.55,2925,11
1788,38.9844558,-104.8720547,40994.25,2133.51,2925,12
1790,38.9853082,-104.8754809,40994.75,2054.69,2925,18
1791,38.9890825,-104.8757782,40995.00,2048.67,2925,13
1792,38.990758,-104.8789098,40995.25,2052.44,2925,10
1793,38.9854744,-104.8755518,40995.50,2105.01,2925,21
1794,38.986984,-104.8714391,40995.75,2102.93,2925,17
1795,38.9883364,-104.867674,40996.00,2081.08,2925,7
1796,38.9857622,-104.8680183,40996.25,2086.17,2925,5
1798,38.9807785,-104.8653912,40996.75,2084.92,2925,19
1799,38.984284,-104.8644723,40997.00,2083.95,2925,14
1801,38.9859939,-104.8753536,40997.50,2084.59,2925,22
1802,38.9881417,-104.8821471,40997.75,2056.94,2925,17
1803,38.9851765,-104.8805828,40998.00,2106.14,2925,10
1806,38.9842203,-104.8851892,40998.75,2126.08,2925,18
1807,38.9871638,-104.8823325,40999.00,2111.64,2925,13
1808,38.9904515,-104.8837233,40999.25,2134.22,2925,13
1809,38.9865032,-104.8769567,40999.50,2133.93,2925,25
1810,38.9879161,-104.8711256,40999.75,2122.86,2925,21
1811,38.9854455,-104.8753752,41000.00,2126.46,2925,11
1812,38.9886793,-104.8803646,41000.25,2081.73,2925,16
1813,38.9870168,-104.8823264,41000.50,2080.94,2925,27
1814,38.9853573,-104.8800133,41000.75,2090.87,2925,19
1815,38.985602,-104.876138,41001.00,2085.91,2925,15
1816,38.9921802,-104.8730728,41001.25,2084.62,2925,7
1817,38.9922737,-104.8744471,41001.50,2092.45,2925,6
1818,38.9912441,-104.8749003,41001.75,2065.23,2925,3
1819,38.9938171,-104.8705284,41002.00,2061.92,2925,4
1820,38.995896,-104.8674292,41002.25,2061.24,2925,1
1821,38.9917886,-104.8773564,41002.50,2060.46,2925,8
1822,38.9918395,-104.8779814,41002.75,2058.26,2925,3
1823,38.9907495,-104.879512,41003.00,2069.51,2925,2
1824,38.9897446,-104.8791061,41003.25,2064.33,2925,4
1826,38.9833813,-104.8768507,41003.75,2063.17,2925,12
1827,38.9843823,-104.8808519,41004.00,2137.23,2925,9
1828,38.9918324,-104.8870693,41004.25,2141.87,2925,9
1829,38.991951,-104.8829961,41004.50,2138.31,2925,23
1830,38.9869944,-104.8769088,41004.75,2138.06,2925,15
1831,38.9859657,-104.8656351,41005.00,2137.74,2925,10
1832,38.9776922,-104.8584153,41005.25,2085.62,2925,7
1833,38.9778153,-104.8551819,41005.50,2086.21,2925,21
1834,38.9808592,-104.8615051,41005.75,2084.98,2925,17
1835,38.9894509,-104.8746491,41006.00,2069.65,2925,10
1836,38.9892278,-104.8805344,41006.25,2074.83,2925,3
1838,38.9864694,-104.881666,41006.75,2073.4,2925,11
1839,38.9843061,-104.8806664,41007.00,2072.98,2925,5
1840,38.9892389,-104.8873135,41007.25,2071.72,2925,8
1841,38.9874837,-104.8848318,41007.50,2118.61,2925,21
1842,38.9860999,-104.8756391,41007.75,2114.56,2925,17
1843,38.9886982,-104.8720602,41008.00,2066.42,2925,7
1844,38.9894944,-104.8783779,41008.25,2066.86,2925,5
1845,38.9881763,-104.8832181,41008.50,2066.49,2925,23
1846,38.9881759,-104.884458,41008.75,2087.22,2925,18
1847,38.9871413,-104.8858404,41009.00,2100.42,2925,8
1848,38.9908602,-104.8861398,41009.25,2098.81,2925,6
1849,38.9894714,-104.8790256,41009.50,2098.62,2925,21
1850,38.9885483,-104.8798319,41009.75,2098.11,2925,19
1851,38.9863945,-104.870787,41010.00,2093.2,2925,13
1854,38.9858812,-104.8825326,41010.75,2112.77,2925,13
1857,38.987105,-104.8829725,41011.50,2113.34,2925,21
1858,38.9896239,-104.8866583,41011.75,2150.81,2925,13
1859,38.989637,-104.8818502,41012.00,2150.6,2925,8
1860,38.9877409,-104.8813937,41012.25,2151.67,2925,6
1861,38.9884332,-104.883415,41012.50,2082.11,2925,18
1862,38.9868972,-104.8787702,41012.75,2084.63,2925,13
1863,38.9910266,-104.8779176,41013.00,2087.12,2925,6
1864,38.9908256,-104.8795968,41013.25,2090.85,2925,3
1866,38.9907442,-104.8829746,41013.75,2129.03,2925,11
1868,38.9934949,-104.8735704,41014.25,2079.1,2925,3
1869,38.9922974,-104.8727631,41014.50,2044.71,2925,13
1870,38.9941584,-104.8743416,41014.75,2105.69,2925,6
1871,38.9911554,-104.8779756,41015.00,2104.42,2925,4
1872,38.9900563,-104.8859308,41015.25,2104.21,2925,5
1873,38.9888237,-104.8847855,41015.50,2103.24,2925,16
1874,38.9832288,-104.8771234,41015.75,2125.43,2925,14
1875,38.9867669,-104.8709386,41016.00,2123.17,2925,8
1876,38.9918655,-104.8779556,41016.25,2086.46,2925,5
1877,38.9899047,-104.8787688,41016.50,2090.03,2925,21
1878,38.9905354,-104.8803544,41016.75,2092.53,2925,18
1879,38.9911483,-104.8777904,41017.00,2086.31,2925,9
1880,38.9864715,-104.8757791,41017.25,2084.22,2925,7
1881,38.9857385,-104.880094,41017.50,2086.25,2925,20
1883,38.9901058,-104.881023,41018.00,2099.01,2925,16
1884,38.9904736,-104.8835887,41018.25,2137.55,2925,8
1885,38.9902143,-104.8804873,41018.50,2138.16,2925,17
1886,38.9932453,-104.8853798,41023.75,2156.25,2925,21
1887,38.9906129,-104.8852405,41024.00,2188.37,2925,17
1890,38.9908601,-104.8837628,41024.75,2189.43,2925,22
1891,38.9910916,-104.8839749,41025.00,2151.3,2925,19
1892,38.9917084,-104.8829347,41025.25,2157.29,2925,14
1894,38.9822342,-104.8793864,41025.75,2128.37,2925,20
1895,38.9856594,-104.8791066,41026.00,2117.78,2925,14
1896,38.9936592,-104.8747917,41026.25,2107.42,2925,11
1898,38.9931155,-104.8772576,41026.75,2100.95,2925,17
1899,38.9895714,-104.8861704,41027.00,2110.33,2925,7
1900,38.9856777,-104.8889223,41027.25,2153.41,2925,6
1902,38.98503,-104.8781791,41027.75,2154.86,2925,12
1903,38.98624,-104.8704743,41028.00,2095.34,2925,8
1904,38.9822535,-104.87037,41028.25,2106.65,2925,7
1905,38.9814007,-104.8633612,41028.50,2106.05,2925,20
1906,38.9804232,-104.8542077,41028.75,2082.81,2925,16
1907,38.9826809,-104.8630655,41029.00,2084.57,2925,10
1908,38.9924858,-104.8809603,41029.25,2088.79,2925,13
1910,38.9859117,-104.8851175,41029.75,2122.89,2925,22
1911,38.9907545,-104.8897747,41030.00,2137.15,2925,12
1912,38.990894,-104.8831953,41030.25,2145.04,2925,15
1915,38.9900867,-104.8874342,41031.00,2187.45,2925,13
1916,38.9898557,-104.8848498,41031.25,2153.98,2925,14
1918,38.9850046,-104.8823786,41031.75,2118.6,2925,21
1919,38.9873025,-104.8830519,41032.00,2122.8,2925,14
